test_type,level,accuracy,balanced_accuracy,roc_auc,pr_auc,f1_unstable,precision_unstable,recall_unstable,brier_score,log_loss,ece,tn,fp,fn,tp,band_count,flip_rate,mean_auc,std_auc,min_auc
noise_hybrid,0.0,0.9995,0.9993,1.0,1.0,0.9996,0.9992,1.0,0.0003,0.0014,0.0005,4338.0,6.0,0.0,7656.0,,,,,
noise_svm,0.0,0.9992,0.999,0.9999,1.0,0.9993,0.9991,0.9996,0.0008,0.0048,0.0021,4337.0,7.0,3.0,7653.0,,,,,
noise_rf,0.0,0.9995,0.9993,1.0,1.0,0.9996,0.9992,1.0,0.0004,0.0013,0.0001,4338.0,6.0,0.0,7656.0,,,,,
noise_lgbm,0.0,0.9998,0.9998,1.0,1.0,0.9998,1.0,0.9996,0.0002,0.0004,0.0001,4344.0,0.0,3.0,7653.0,,,,,
noise_hybrid,0.01,0.9991,0.9988,1.0,1.0,0.9993,0.9987,0.9999,0.0006,0.0027,0.0006,4334.0,10.0,1.0,7655.0,,,,,
noise_svm,0.01,0.9989,0.9988,0.9999,1.0,0.9992,0.999,0.9993,0.0012,0.0068,0.0028,4336.0,8.0,5.0,7651.0,,,,,
noise_rf,0.01,0.9991,0.9988,0.9998,0.9998,0.9993,0.9987,0.9999,0.001,0.0091,0.0013,4334.0,10.0,1.0,7655.0,,,,,
noise_lgbm,0.01,0.9912,0.9931,0.9996,0.9997,0.9931,0.9999,0.9864,0.005,0.0265,0.007,4343.0,1.0,104.0,7552.0,,,,,
noise_hybrid,0.03,0.9958,0.9949,0.9998,0.9999,0.9967,0.9952,0.9983,0.0032,0.013,0.003,4307.0,37.0,13.0,7643.0,,,,,
noise_svm,0.03,0.9935,0.993,0.9996,0.9998,0.9949,0.995,0.9948,0.0058,0.0239,0.0026,4306.0,38.0,40.0,7616.0,,,,,
noise_rf,0.03,0.9958,0.9948,0.9989,0.9991,0.9967,0.9951,0.9983,0.004,0.052,0.0036,4306.0,38.0,13.0,7643.0,,,,,
noise_lgbm,0.03,0.9787,0.9832,0.9979,0.9984,0.983,0.9999,0.9667,0.0127,0.1158,0.0166,4343.0,1.0,255.0,7401.0,,,,,
noise_hybrid,0.05,0.9899,0.9875,0.9995,0.9998,0.9921,0.9881,0.9962,0.0079,0.0334,0.0074,4252.0,92.0,29.0,7627.0,,,,,
noise_svm,0.05,0.9814,0.9805,0.9984,0.9991,0.9854,0.987,0.9838,0.0149,0.0649,0.0112,4245.0,99.0,124.0,7532.0,,,,,
noise_rf,0.05,0.9896,0.9871,0.9976,0.9981,0.9919,0.9876,0.9962,0.0087,0.1041,0.0034,4248.0,96.0,29.0,7627.0,,,,,
noise_lgbm,0.05,0.9692,0.9758,0.9963,0.9973,0.9752,0.9999,0.9518,0.0189,0.1956,0.0234,4343.0,1.0,369.0,7287.0,,,,,
noise_hybrid,0.1,0.9711,0.9664,0.9947,0.9971,0.9775,0.9716,0.9834,0.024,0.1152,0.0226,4124.0,220.0,127.0,7529.0,,,,,
noise_svm,0.1,0.9573,0.9543,0.9914,0.9953,0.9665,0.9677,0.9654,0.0377,0.2849,0.0347,4097.0,247.0,265.0,7391.0,,,,,
noise_rf,0.1,0.9712,0.9664,0.9885,0.9908,0.9775,0.9715,0.9837,0.024,0.4424,0.0166,4123.0,221.0,125.0,7531.0,,,,,
noise_lgbm,0.1,0.9525,0.9615,0.9852,0.9883,0.9615,0.9964,0.9289,0.0338,0.6335,0.0372,4318.0,26.0,544.0,7112.0,,,,,
noise_hybrid,0.15,0.9541,0.9471,0.9887,0.9935,0.9643,0.9564,0.9723,0.0396,0.1986,0.0366,4005.0,339.0,212.0,7444.0,,,,,
noise_svm,0.15,0.9298,0.9247,0.9789,0.988,0.9449,0.9466,0.9432,0.0642,0.6555,0.0613,3937.0,407.0,435.0,7221.0,,,,,
noise_rf,0.15,0.9533,0.9461,0.9791,0.9831,0.9637,0.9556,0.9719,0.0386,0.7626,0.0303,3998.0,346.0,215.0,7441.0,,,,,
noise_lgbm,0.15,0.9367,0.9472,0.9718,0.9774,0.9483,0.9909,0.9092,0.0488,1.1243,0.0503,4280.0,64.0,695.0,6961.0,,,,,
noise_hybrid,0.2,0.9422,0.932,0.9808,0.9874,0.9553,0.9422,0.9688,0.0496,0.2607,0.0459,3889.0,455.0,239.0,7417.0,,,,,
noise_svm,0.2,0.9103,0.9037,0.964,0.9777,0.9295,0.9316,0.9274,0.0833,1.047,0.0799,3823.0,521.0,556.0,7100.0,,,,,
noise_rf,0.2,0.9417,0.9314,0.9699,0.974,0.955,0.9416,0.9688,0.0484,0.9975,0.0391,3884.0,460.0,239.0,7417.0,,,,,
noise_lgbm,0.2,0.9253,0.9353,0.9604,0.9662,0.9389,0.9822,0.8993,0.0595,1.4675,0.0608,4219.0,125.0,771.0,6885.0,,,,,
ood_hybrid,1.0,0.9995,0.9993,1.0,1.0,0.9996,0.9992,1.0,0.0003,0.0014,0.0005,4338.0,6.0,0.0,7656.0,,,,,
ood_svm,1.0,0.9992,0.999,0.9999,1.0,0.9993,0.9991,0.9996,0.0008,0.0048,0.0021,4337.0,7.0,3.0,7653.0,,,,,
ood_rf,1.0,0.9995,0.9993,1.0,1.0,0.9996,0.9992,1.0,0.0004,0.0013,0.0001,4338.0,6.0,0.0,7656.0,,,,,
ood_lgbm,1.0,0.9998,0.9998,1.0,1.0,0.9998,1.0,0.9996,0.0002,0.0004,0.0001,4344.0,0.0,3.0,7653.0,,,,,
ood_hybrid,1.1,0.8915,0.8506,0.9675,0.9685,0.9215,0.8554,0.9987,0.092,0.5237,0.0985,3052.0,1292.0,10.0,7646.0,,,,,
ood_svm,1.1,0.9242,0.8974,0.9845,0.9911,0.9436,0.8979,0.9943,0.0699,0.654,0.0711,3478.0,866.0,44.0,7612.0,,,,,
ood_rf,1.1,0.8905,0.8493,0.9396,0.9363,0.9209,0.8543,0.9987,0.0839,1.6119,0.0921,3040.0,1304.0,10.0,7646.0,,,,,
ood_lgbm,1.1,0.9483,0.9336,0.9417,0.9385,0.9605,0.9357,0.9867,0.0505,1.5305,0.0494,3825.0,519.0,102.0,7554.0,,,,,
ood_hybrid,1.25,0.7734,0.6871,0.8595,0.8685,0.8492,0.738,0.9999,0.1972,1.2391,0.2094,1626.0,2718.0,1.0,7655.0,,,,,
ood_svm,1.25,0.8252,0.7756,0.8356,0.8671,0.8746,0.8065,0.9552,0.1591,2.4411,0.1494,2589.0,1755.0,343.0,7313.0,,,,,
ood_rf,1.25,0.7726,0.6859,0.8166,0.8281,0.8487,0.7373,0.9999,0.1893,4.6911,0.2014,1616.0,2728.0,1.0,7655.0,,,,,
ood_lgbm,1.25,0.8555,0.8036,0.812,0.8244,0.8975,0.8196,0.9918,0.1441,4.8851,0.1491,2673.0,1671.0,63.0,7593.0,,,,,
ood_hybrid,1.5,0.6913,0.5737,0.6504,0.7105,0.8052,0.6739,1.0,0.2864,1.78,0.2936,640.0,3704.0,0.0,7656.0,,,,,
ood_svm,1.5,0.5132,0.4976,0.5484,0.6313,0.5922,0.636,0.5539,0.3076,3.2083,0.329,1917.0,2427.0,3415.0,4241.0,,,,,
ood_rf,1.5,0.6912,0.5734,0.7178,0.7581,0.8051,0.6738,1.0,0.2635,6.8802,0.2741,638.0,3706.0,0.0,7656.0,,,,,
ood_lgbm,1.5,0.7596,0.6708,0.6801,0.7337,0.8405,0.7288,0.9926,0.2397,8.2787,0.2446,1516.0,2828.0,57.0,7599.0,,,,,
ood_hybrid,2.0,0.6438,0.5079,0.6053,0.6366,0.7817,0.6417,1.0,0.3387,1.7781,0.3421,69.0,4275.0,0.0,7656.0,,,,,
ood_svm,2.0,0.2971,0.397,0.2802,0.4954,0.0597,0.2038,0.035,0.3622,1.7467,0.3854,3297.0,1047.0,7388.0,268.0,,,,,
ood_rf,2.0,0.6438,0.5081,0.6664,0.7262,0.7818,0.6417,1.0,0.3051,8.0415,0.3172,70.0,4274.0,0.0,7656.0,,,,,
ood_lgbm,2.0,0.692,0.5792,0.5911,0.6832,0.8036,0.6773,0.9879,0.3046,10.5452,0.3054,741.0,3603.0,93.0,7563.0,,,,,
boundary,0.05,,,,,,,,,,,,,,,0.0,,,,
mc_hybrid,0.05,,,,,,,,,,,,,,,,,0.9993,0.0002,0.9989
mc_svm,0.05,,,,,,,,,,,,,,,,,0.9983,0.0002,0.998
mc_rf,0.05,,,,,,,,,,,,,,,,,0.9971,0.0004,0.9962
mc_lgbm,0.05,,,,,,,,,,,,,,,,,0.9959,0.0004,0.9947
mc_hybrid,0.1,,,,,,,,,,,,,,,,,0.9951,0.0005,0.9938
mc_svm,0.1,,,,,,,,,,,,,,,,,0.9914,0.0004,0.9905
mc_rf,0.1,,,,,,,,,,,,,,,,,0.9895,0.0007,0.9877
mc_lgbm,0.1,,,,,,,,,,,,,,,,,0.9858,0.0009,0.9824
mc_hybrid,0.2,,,,,,,,,,,,,,,,,0.9801,0.001,0.9778
mc_svm,0.2,,,,,,,,,,,,,,,,,0.9641,0.0015,0.9615
mc_rf,0.2,,,,,,,,,,,,,,,,,0.9695,0.0015,0.9661
mc_lgbm,0.2,,,,,,,,,,,,,,,,,0.9593,0.0013,0.9569
