batch,n_samples,drift_type,drift_factor_tau,drift_factor_g,HYBRID_auc_clean,HYBRID_auc_corrupt,HYBRID_brier_clean,HYBRID_brier_corrupt,HYBRID_ece_clean,HYBRID_ece_corrupt,HYBRID_risk_stable,HYBRID_risk_border,HYBRID_risk_critical,HYBRID_confidence_mean,HYBRID_conf_coverage,HYBRID_conf_singleton,HYBRID_conf_ambiguous,SVM_auc_clean,SVM_auc_corrupt,SVM_brier_clean,SVM_brier_corrupt,SVM_ece_clean,SVM_ece_corrupt,SVM_risk_stable,SVM_risk_border,SVM_risk_critical,SVM_confidence_mean,SVM_conf_coverage,SVM_conf_singleton,SVM_conf_ambiguous,RF_auc_clean,RF_auc_corrupt,RF_brier_clean,RF_brier_corrupt,RF_ece_clean,RF_ece_corrupt,RF_risk_stable,RF_risk_border,RF_risk_critical,RF_confidence_mean,RF_conf_coverage,RF_conf_singleton,RF_conf_ambiguous,LGBM_auc_clean,LGBM_auc_corrupt,LGBM_brier_clean,LGBM_brier_corrupt,LGBM_ece_clean,LGBM_ece_corrupt,LGBM_risk_stable,LGBM_risk_border,LGBM_risk_critical,LGBM_confidence_mean,LGBM_conf_coverage,LGBM_conf_singleton,LGBM_conf_ambiguous,HYBRID_rolling_auc,HYBRID_rolling_ece,HYBRID_rolling_brier,HYBRID_rolling_confidence,HYBRID_rolling_coverage,SVM_rolling_auc,SVM_rolling_ece,SVM_rolling_brier,SVM_rolling_confidence,SVM_rolling_coverage,RF_rolling_auc,RF_rolling_ece,RF_rolling_brier,RF_rolling_confidence,RF_rolling_coverage,LGBM_rolling_auc,LGBM_rolling_ece,LGBM_rolling_brier,LGBM_rolling_confidence,LGBM_rolling_coverage,feature_psi,feature_kl,recalibration_alert,cusum_brier,cusum_confidence,page_hinkley_brier,page_hinkley_confidence
0,100,none,1.0,1.0,1.0,0.9569,0.0,0.0299,0.0002,0.0311,24,0,76,0.9984,0.97,1.0,0.0,1.0,0.9259,0.0001,0.0563,0.0037,0.0618,20,1,79,0.9883,0.94,1.0,0.0,1.0,0.9607,0.0,0.0276,0.0,0.0214,24,0,76,0.9914,0.97,1.0,0.0,1.0,0.9592,0.0,0.0424,0.0,0.0479,24,5,71,0.9853,0.94,1.0,0.0,0.9569,0.0311,0.0299,0.9984,0.97,0.9259,0.0618,0.0563,0.9883,0.94,0.9607,0.0214,0.0276,0.9914,0.97,0.9592,0.0479,0.0424,0.9853,0.94,0.1018,0.051,False,0.0,0.0,0.0,0.0
1,100,none,1.0,1.0,1.0,0.9209,0.0,0.0862,0.0002,0.0888,32,0,68,0.987,0.91,1.0,0.0,1.0,0.9037,0.0001,0.107,0.0033,0.1061,30,0,70,0.9942,0.89,1.0,0.0,1.0,0.9134,0.0,0.0598,0.0,0.0593,27,0,73,0.9807,0.94,1.0,0.0,1.0,0.886,0.0,0.1019,0.0,0.1062,28,5,67,0.9862,0.88,1.0,0.0,0.9389,0.06,0.058,0.9927,0.94,0.9148,0.084,0.0816,0.9912,0.915,0.937,0.0403,0.0437,0.986,0.955,0.9226,0.0771,0.0722,0.9857,0.91,0.0844,0.0427,False,0.0,0.0,0.0101,0.0022
2,100,none,1.0,1.0,1.0,0.9062,0.0,0.0821,0.0002,0.0847,34,0,66,0.9917,0.92,1.0,0.0,1.0,0.9008,0.0001,0.0967,0.0024,0.0966,34,2,64,0.9842,0.9,1.0,0.0,1.0,0.9987,0.0,0.0137,0.0,0.0093,34,0,66,0.9893,0.98,1.0,0.0,1.0,0.9063,0.0,0.0806,0.0,0.0845,31,2,67,0.9945,0.91,1.0,0.0,0.928,0.0682,0.0661,0.9924,0.9333,0.9101,0.0882,0.0867,0.9889,0.91,0.9576,0.03,0.0337,0.9871,0.9633,0.9172,0.0795,0.075,0.9887,0.91,0.0868,0.0435,False,0.0,0.0,0.021,0.0036
3,100,none,1.0,1.0,1.0,0.9859,0.0,0.0301,0.0002,0.03,32,0,68,0.9979,0.97,1.0,0.0,1.0,0.965,0.0014,0.0621,0.0068,0.0633,28,4,68,0.9804,0.92,1.0,0.0,1.0,0.957,0.0,0.0314,0.0,0.0364,28,0,72,0.9936,0.97,1.0,0.0,1.0,0.9349,0.0,0.0812,0.0,0.0885,31,4,65,0.9885,0.9,1.0,0.0,0.9425,0.0586,0.0571,0.9938,0.9425,0.9238,0.082,0.0805,0.9868,0.9125,0.9574,0.0316,0.0331,0.9888,0.965,0.9216,0.0818,0.0765,0.9886,0.9075,0.1078,0.0541,False,0.0,0.0,0.0214,0.0035
4,100,none,1.0,1.0,1.0,0.95,0.0059,0.0708,0.0079,0.0708,52,0,48,0.9952,0.93,1.0,0.0,1.0,0.9068,0.0001,0.0979,0.0019,0.0974,50,2,48,0.9847,0.89,1.0,0.0,1.0,0.9168,0.0062,0.0878,0.0079,0.0892,52,0,48,0.9923,0.91,1.0,0.0,1.0,0.9342,0.0,0.0781,0.0,0.0734,46,6,48,0.9834,0.91,1.0,0.0,0.944,0.0611,0.0598,0.994,0.94,0.9204,0.085,0.084,0.9864,0.908,0.9493,0.0431,0.0441,0.9895,0.954,0.9241,0.0801,0.0768,0.9876,0.908,0.1208,0.0599,False,0.0,0.0,0.0231,0.003
5,100,none,1.0,1.0,1.0,0.9179,0.0,0.0845,0.0003,0.0854,45,0,55,0.9954,0.91,1.0,0.0,1.0,0.8892,0.0001,0.1024,0.0019,0.108,42,1,57,0.9888,0.89,1.0,0.0,1.0,0.9472,0.0005,0.058,0.0021,0.0507,42,0,58,0.9893,0.94,1.0,0.0,1.0,0.8902,0.0,0.1352,0.0,0.1384,47,4,49,0.9884,0.85,1.0,0.0,0.9396,0.0651,0.0639,0.9943,0.935,0.9152,0.0889,0.0871,0.9868,0.905,0.949,0.0444,0.0464,0.9894,0.9517,0.9185,0.0898,0.0866,0.9877,0.8983,0.0775,0.0384,False,0.0,0.0,0.0273,0.0023
6,100,none,1.0,1.0,1.0,0.9483,0.0,0.0547,0.0002,0.0583,38,0,62,0.993,0.94,1.0,0.0,1.0,0.9337,0.0001,0.0658,0.0022,0.0738,38,3,59,0.9855,0.93,1.0,0.0,1.0,0.895,0.0,0.0918,0.0,0.0986,37,0,63,0.9914,0.91,1.0,0.0,1.0,0.9344,0.0,0.0898,0.0,0.0984,41,4,55,0.9884,0.89,1.0,0.0,0.9409,0.0642,0.0626,0.9941,0.9357,0.9179,0.0867,0.084,0.9866,0.9086,0.9413,0.0521,0.0529,0.9897,0.9457,0.9207,0.091,0.087,0.9878,0.8971,0.0842,0.0422,False,0.0,0.0,0.0292,0.0018
7,100,none,1.0,1.0,1.0,0.9415,0.0,0.0782,0.0002,0.0767,37,0,63,0.9967,0.92,1.0,0.0,1.0,0.9312,0.0,0.0899,0.0015,0.0973,35,2,63,0.989,0.9,1.0,0.0,1.0,0.8921,0.0,0.1076,0.0,0.1014,36,0,64,0.9914,0.89,1.0,0.0,1.0,0.8796,0.0,0.1306,0.0,0.1345,39,2,59,0.9945,0.86,1.0,0.0,0.941,0.0657,0.0646,0.9944,0.9338,0.9195,0.088,0.0848,0.9869,0.9075,0.9351,0.0583,0.0597,0.9899,0.9388,0.9156,0.0965,0.0925,0.9886,0.8925,0.0779,0.0388,False,0.0,0.0,0.0321,0.001
8,100,none,1.0,1.0,1.0,0.9406,0.0,0.0793,0.0006,0.0825,35,0,65,0.9925,0.91,1.0,0.0,0.9979,0.913,0.0093,0.1123,0.0077,0.1243,37,3,60,0.9824,0.88,1.0,0.0,1.0,0.9323,0.0,0.0748,0.0,0.0754,35,1,64,0.9875,0.92,1.0,0.0,1.0,0.9257,0.0007,0.0912,0.0027,0.0991,39,4,57,0.9891,0.89,1.0,0.0,0.9409,0.0676,0.0662,0.9942,0.9311,0.9188,0.0921,0.0878,0.9864,0.9044,0.9348,0.0602,0.0614,0.9897,0.9367,0.9167,0.0968,0.0923,0.9887,0.8922,0.1245,0.0624,False,0.0,0.0,0.0357,0.0004
9,100,none,1.0,1.0,1.0,0.9002,0.0099,0.1068,0.01,0.1001,27,0,73,0.9887,0.89,1.0,0.0,1.0,0.8777,0.0128,0.1296,0.0136,0.1317,31,1,68,0.9894,0.87,1.0,0.0,0.9998,0.9287,0.0066,0.0679,0.0057,0.0564,26,0,74,0.9764,0.92,1.0,0.0,1.0,0.8634,0.0007,0.1425,0.0027,0.1509,32,7,61,0.9809,0.83,1.0,0.0,0.9368,0.0708,0.0703,0.9936,0.927,0.9147,0.096,0.092,0.9867,0.901,0.9342,0.0598,0.062,0.9883,0.935,0.9114,0.1022,0.0973,0.9879,0.886,0.0792,0.04,False,0.0,0.0,0.0422,0.0003
10,100,none,1.0,1.0,1.0,0.9591,0.0,0.0698,0.0002,0.0759,39,0,61,0.988,0.92,1.0,0.0,1.0,0.9113,0.0001,0.1287,0.0017,0.1309,41,1,58,0.9922,0.87,1.0,0.0,1.0,0.9826,0.0,0.037,0.0,0.0307,36,0,64,0.9807,0.95,1.0,0.0,1.0,0.9241,0.0,0.0872,0.0,0.0936,36,6,58,0.9836,0.89,1.0,0.0,0.9371,0.0753,0.0742,0.9926,0.922,0.9132,0.1029,0.0992,0.9871,0.894,0.9364,0.0607,0.063,0.9873,0.933,0.9079,0.1067,0.1018,0.9877,0.881,0.1049,0.0527,False,0.0032,0.0,0.0513,0.0011
11,100,none,1.0,1.0,1.0,0.9653,0.0,0.0426,0.0002,0.0435,35,1,64,0.9887,0.95,1.0,0.0,1.0,0.8891,0.0,0.1509,0.0015,0.1554,37,2,61,0.992,0.84,1.0,0.0,1.0,0.9592,0.0,0.0492,0.0,0.0455,36,1,63,0.9845,0.95,1.0,0.0,1.0,0.9525,0.0,0.0945,0.0,0.1,38,11,51,0.97,0.87,1.0,0.0,0.9415,0.0708,0.0699,0.9928,0.926,0.9118,0.1079,0.1036,0.9869,0.889,0.941,0.0594,0.0619,0.9876,0.934,0.9145,0.1061,0.1011,0.9861,0.88,0.0872,0.0439,False,0.002,0.0,0.0554,0.0015
12,100,none,1.0,1.0,1.0,0.9215,0.0,0.0999,0.0002,0.098,26,0,74,0.998,0.9,1.0,0.0,1.0,0.8789,0.0001,0.1,0.0016,0.0993,26,0,74,0.9993,0.9,1.0,0.0,1.0,0.9618,0.0,0.0517,0.0,0.0458,26,0,74,0.9858,0.94,1.0,0.0,1.0,0.8358,0.0,0.1353,0.0,0.1373,27,1,72,0.9973,0.86,1.0,0.0,0.943,0.0721,0.0717,0.9934,0.924,0.9096,0.1081,0.104,0.9884,0.889,0.9373,0.063,0.0657,0.9873,0.93,0.9075,0.1114,0.1066,0.9864,0.875,0.1101,0.0549,False,0.0027,0.0,0.0606,0.0014
13,100,none,1.0,1.0,1.0,0.9082,0.0,0.0601,0.0002,0.0608,26,0,74,0.9985,0.94,1.0,0.0,1.0,0.9013,0.0001,0.0839,0.0017,0.0853,30,1,69,0.9953,0.91,1.0,0.0,1.0,0.9286,0.0,0.0709,0.0,0.0743,31,0,69,0.9957,0.93,1.0,0.0,1.0,0.9608,0.0,0.0506,0.0,0.0545,30,2,68,0.9945,0.94,1.0,0.0,0.9353,0.0752,0.0747,0.9935,0.921,0.9032,0.1103,0.1061,0.9899,0.888,0.9344,0.0668,0.0697,0.9875,0.926,0.9101,0.108,0.1035,0.987,0.879,0.1001,0.0499,False,0.0063,0.0,0.0679,0.0011
14,100,none,1.0,1.0,1.0,0.9517,0.0,0.078,0.0002,0.0808,35,0,65,0.9953,0.92,1.0,0.0,1.0,0.9103,0.0013,0.101,0.0052,0.1051,39,1,60,0.992,0.89,1.0,0.0,1.0,0.8632,0.0,0.1276,0.0,0.1214,36,0,64,0.9914,0.87,1.0,0.0,1.0,0.8894,0.0,0.1028,0.0,0.1053,36,1,63,0.9953,0.89,1.0,0.0,0.9354,0.0762,0.0754,0.9935,0.92,0.9036,0.1111,0.1064,0.9906,0.888,0.9291,0.07,0.0736,0.9874,0.922,0.9056,0.1112,0.106,0.9882,0.877,0.129,0.0641,False,0.0107,0.0,0.075,0.0007
15,100,none,1.0,1.0,1.0,0.972,0.0,0.0451,0.0003,0.0454,34,0,66,0.9895,0.95,1.0,0.0,1.0,0.9032,0.0,0.1199,0.0013,0.125,30,1,69,0.9929,0.88,1.0,0.0,1.0,0.9432,0.0005,0.048,0.0021,0.0407,30,0,70,0.9893,0.95,1.0,0.0,1.0,0.9055,0.0,0.0963,0.0,0.0989,32,4,64,0.9889,0.89,1.0,0.0,0.9408,0.0722,0.0714,0.9929,0.924,0.905,0.1128,0.1082,0.991,0.887,0.9287,0.069,0.0727,0.9874,0.923,0.9071,0.1072,0.1021,0.9882,0.881,0.111,0.0558,False,0.011,0.0,0.0778,0.0009
16,100,none,1.0,1.0,1.0,0.9956,0.0,0.021,0.0002,0.0227,29,0,71,0.9937,0.98,1.0,0.0,1.0,0.8349,0.0001,0.1182,0.0032,0.1179,26,1,73,0.9947,0.88,1.0,0.0,1.0,0.948,0.0,0.048,0.0,0.0407,28,0,72,0.9893,0.95,1.0,0.0,1.0,0.974,0.0,0.0328,0.0,0.0363,28,3,69,0.9873,0.96,1.0,0.0,0.9456,0.0686,0.0681,0.993,0.928,0.8951,0.1172,0.1134,0.9919,0.882,0.934,0.0632,0.0683,0.9872,0.927,0.9111,0.101,0.0964,0.9881,0.888,0.0853,0.0427,False,0.0081,0.0,0.077,0.001
17,100,none,1.0,1.0,1.0,0.8998,0.0,0.0647,0.0002,0.065,33,0,67,0.995,0.93,1.0,0.0,1.0,0.9005,0.0001,0.09,0.0019,0.089,33,0,67,0.999,0.91,1.0,0.0,1.0,0.9841,0.0,0.0276,0.0,0.0214,33,0,67,0.9914,0.97,1.0,0.0,1.0,0.9517,0.0,0.049,0.0,0.0465,30,4,66,0.9871,0.95,1.0,0.0,0.9414,0.0675,0.0667,0.9928,0.929,0.892,0.1164,0.1134,0.9929,0.883,0.9432,0.0552,0.0603,0.9872,0.935,0.9183,0.0922,0.0882,0.9874,0.897,0.0966,0.0485,False,0.0037,0.0,0.0748,0.0012
18,100,none,1.0,1.0,1.0,0.9802,0.0,0.0407,0.0002,0.0407,35,0,65,0.9954,0.96,1.0,0.0,1.0,0.9051,0.0,0.1435,0.0016,0.1466,32,0,68,0.9948,0.85,1.0,0.0,1.0,0.991,0.0,0.0185,0.0,0.0129,35,0,65,0.9871,0.98,1.0,0.0,1.0,0.9244,0.0,0.0734,0.0,0.0798,32,3,65,0.9898,0.91,1.0,0.0,0.9454,0.0633,0.0629,0.9931,0.934,0.8912,0.1186,0.1166,0.9942,0.88,0.949,0.049,0.0546,0.9872,0.941,0.9182,0.0903,0.0864,0.9875,0.899,0.0958,0.0481,False,0.0,0.0,0.0688,0.0011
19,100,none,1.0,1.0,1.0,0.9412,0.0,0.0713,0.0002,0.0754,36,0,64,0.9901,0.93,1.0,0.0,1.0,0.8953,0.0001,0.1042,0.0025,0.1084,38,2,60,0.9903,0.89,1.0,0.0,1.0,0.9768,0.0,0.0233,0.0,0.0361,37,0,63,0.9839,0.98,1.0,0.0,1.0,0.9391,0.0,0.0864,0.0,0.0964,39,5,56,0.9864,0.89,1.0,0.0,0.9495,0.0608,0.0593,0.9932,0.938,0.893,0.1163,0.114,0.9942,0.882,0.9538,0.047,0.0502,0.9879,0.947,0.9257,0.0849,0.0808,0.988,0.905,0.0825,0.0415,False,0.0,0.0,0.0596,0.0009
20,100,none,1.0,1.0,1.0,0.847,0.0,0.1407,0.0003,0.1468,40,0,60,0.991,0.86,1.0,0.0,1.0,0.9054,0.0007,0.1035,0.0055,0.1112,43,2,55,0.9865,0.9,1.0,0.0,1.0,0.9002,0.0,0.0951,0.0,0.0829,36,0,64,0.9829,0.9,1.0,0.0,1.0,0.9255,0.0,0.0874,0.0,0.0864,43,5,52,0.9864,0.9,1.0,0.0,0.9382,0.0679,0.0664,0.9935,0.932,0.8924,0.1143,0.1115,0.9937,0.885,0.9456,0.0522,0.056,0.9881,0.942,0.9259,0.0841,0.0808,0.9883,0.906,0.0962,0.0483,False,0.0,0.0,0.0573,0.0003
21,100,none,1.0,1.0,1.0,0.9176,0.0,0.1031,0.0007,0.1031,38,0,62,0.9931,0.89,1.0,0.0,0.9992,0.8933,0.0099,0.1378,0.0109,0.1384,38,1,61,0.995,0.86,1.0,0.0,1.0,0.9427,0.0,0.0642,0.0,0.0571,40,0,60,0.9871,0.93,1.0,0.0,1.0,0.9612,0.0,0.0612,0.0,0.0691,45,4,51,0.9891,0.92,1.0,0.0,0.9335,0.0739,0.0725,0.994,0.926,0.8928,0.1126,0.1102,0.994,0.887,0.944,0.0533,0.0575,0.9884,0.94,0.9267,0.081,0.0775,0.9902,0.911,0.1069,0.0538,False,0.0015,0.0,0.0608,0.0
22,100,none,1.0,1.0,1.0,0.8716,0.0,0.0755,0.0002,0.0757,29,0,71,0.9957,0.92,1.0,0.0,1.0,0.8743,0.0,0.0907,0.001,0.0912,31,1,68,0.9963,0.91,1.0,0.0,1.0,0.9527,0.0,0.0576,0.0,0.0514,35,0,65,0.9914,0.94,1.0,0.0,1.0,0.9231,0.0,0.063,0.0,0.0662,30,1,69,0.9947,0.93,1.0,0.0,0.9285,0.0716,0.07,0.9937,0.928,0.8924,0.1118,0.1093,0.9937,0.888,0.943,0.0539,0.0581,0.9889,0.94,0.9355,0.0739,0.0703,0.99,0.918,0.0952,0.0467,False,0.0004,0.0,0.0616,0.0
23,100,none,1.0,1.0,1.0,0.9204,0.0,0.0567,0.0002,0.0543,33,0,67,0.9894,0.94,1.0,0.0,1.0,0.8655,0.0009,0.1305,0.0044,0.1347,28,0,72,0.9942,0.87,1.0,0.0,1.0,0.9152,0.0,0.0861,0.0,0.0725,34,0,66,0.9775,0.91,1.0,0.0,1.0,0.9521,0.0,0.0556,0.0,0.0683,31,5,64,0.9808,0.92,1.0,0.0,0.9297,0.071,0.0697,0.9928,0.928,0.8888,0.1168,0.1139,0.9936,0.884,0.9417,0.0537,0.0596,0.9871,0.938,0.9346,0.0753,0.0708,0.9886,0.916,0.1008,0.0496,False,0.0,0.0,0.0619,0.0001
24,100,none,1.0,1.0,1.0,0.9267,0.0,0.0719,0.0003,0.0728,34,0,66,0.9902,0.93,1.0,0.0,1.0,0.8648,0.0001,0.1549,0.0026,0.1597,35,3,62,0.9862,0.83,1.0,0.0,1.0,0.8994,0.0005,0.0914,0.0021,0.0964,34,0,66,0.9936,0.91,1.0,0.0,1.0,0.8899,0.0,0.1112,0.0,0.1191,32,4,64,0.9891,0.87,1.0,0.0,0.9272,0.0702,0.0691,0.9923,0.929,0.8842,0.1222,0.1193,0.993,0.878,0.9453,0.0512,0.056,0.9874,0.942,0.9346,0.0767,0.0716,0.988,0.914,0.0794,0.0389,False,0.0,0.0,0.0615,0.0007
25,100,none,1.0,1.0,1.0,0.9819,0.0,0.0312,0.0002,0.0375,36,0,64,0.99,0.97,1.0,0.0,1.0,0.9266,0.0001,0.1199,0.0039,0.1323,35,5,60,0.9788,0.87,1.0,0.0,1.0,0.9321,0.0,0.0685,0.0,0.0629,38,0,62,0.9871,0.93,1.0,0.0,1.0,0.9168,0.0,0.1117,0.0,0.1236,41,6,53,0.9836,0.86,1.0,0.0,0.9282,0.0694,0.0677,0.9924,0.931,0.8866,0.1229,0.1193,0.9916,0.877,0.9442,0.0534,0.058,0.9871,0.94,0.9358,0.0792,0.0732,0.9874,0.911,0.1063,0.0534,False,0.0,0.0,0.0596,0.0012
26,100,none,1.0,1.0,1.0,0.9449,0.0,0.0422,0.0002,0.0466,34,0,66,0.9906,0.96,1.0,0.0,1.0,0.9531,0.0,0.0722,0.0014,0.0754,35,1,64,0.9928,0.93,1.0,0.0,1.0,0.9311,0.0,0.0837,0.0,0.0971,38,0,62,0.9829,0.92,1.0,0.0,1.0,0.9118,0.0,0.0912,0.0,0.0991,31,4,65,0.9891,0.89,1.0,0.0,0.9231,0.0718,0.0698,0.9921,0.929,0.8984,0.1187,0.1147,0.9914,0.882,0.9425,0.0591,0.0616,0.9865,0.937,0.9296,0.0854,0.079,0.9876,0.904,0.1131,0.0569,False,0.0,0.0001,0.0596,0.0019
27,100,none,1.0,1.0,1.0,0.9553,0.0,0.0509,0.0002,0.0549,39,0,61,0.993,0.95,1.0,0.0,1.0,0.9707,0.0001,0.0328,0.003,0.035,37,1,62,0.9932,0.96,1.0,0.0,1.0,0.9609,0.0,0.0523,0.0,0.0607,41,0,59,0.9893,0.95,1.0,0.0,1.0,0.9258,0.0,0.0806,0.0,0.0845,37,2,61,0.9945,0.91,1.0,0.0,0.9287,0.0708,0.0684,0.9918,0.931,0.9054,0.1133,0.109,0.9908,0.887,0.9402,0.063,0.0641,0.9863,0.935,0.927,0.0892,0.0822,0.9884,0.9,0.1008,0.0506,False,0.0,0.0004,0.0581,0.0028
28,100,none,1.0,1.0,1.0,0.9113,0.0,0.0928,0.0002,0.0983,41,0,59,0.9899,0.91,1.0,0.0,1.0,0.9195,0.0,0.0822,0.0012,0.0851,41,1,58,0.9939,0.92,1.0,0.0,1.0,0.9052,0.0,0.0976,0.0,0.0914,42,0,58,0.9914,0.9,1.0,0.0,1.0,0.9095,0.0,0.086,0.0,0.0845,37,2,61,0.9945,0.91,1.0,0.0,0.9218,0.0765,0.0736,0.9913,0.926,0.9068,0.1071,0.1029,0.9907,0.894,0.9316,0.0708,0.072,0.9867,0.927,0.9255,0.0897,0.0834,0.9888,0.9,0.1091,0.0537,False,0.0026,0.0013,0.0616,0.0041
29,100,none,1.0,1.0,1.0,0.9116,0.0,0.0903,0.0003,0.0893,43,0,57,0.9893,0.9,1.0,0.0,1.0,0.8972,0.0001,0.1422,0.0019,0.1452,41,2,57,0.9927,0.86,1.0,0.0,1.0,0.9322,0.0,0.0922,0.0,0.0929,48,0,52,0.9829,0.89,1.0,0.0,1.0,0.9164,0.0,0.0888,0.0,0.0863,47,4,49,0.9874,0.91,1.0,0.0,0.9188,0.0779,0.0755,0.9912,0.923,0.907,0.1108,0.1067,0.991,0.891,0.9272,0.0765,0.0789,0.9866,0.918,0.9232,0.0887,0.0837,0.9889,0.902,0.1217,0.0619,False,0.007,0.0023,0.0667,0.0055
30,100,none,1.0,1.0,1.0,0.9433,0.0,0.0721,0.0002,0.0763,34,0,66,0.992,0.93,1.0,0.0,1.0,0.9466,0.0001,0.0616,0.0025,0.0643,34,1,65,0.9917,0.94,1.0,0.0,1.0,0.9365,0.0,0.0642,0.0,0.0571,32,0,68,0.9871,0.93,1.0,0.0,1.0,0.9413,0.0,0.0926,0.0,0.0936,40,6,54,0.9836,0.89,1.0,0.0,0.9285,0.0709,0.0687,0.9913,0.93,0.9112,0.1061,0.1025,0.9915,0.895,0.9308,0.074,0.0758,0.987,0.921,0.9248,0.0894,0.0842,0.9886,0.901,0.1021,0.0511,False,0.0047,0.0031,0.0649,0.0068
31,100,none,1.0,1.0,1.0,0.9565,0.0,0.0653,0.0002,0.0662,37,0,63,0.9962,0.93,1.0,0.0,1.0,0.9343,0.0002,0.1076,0.0041,0.1157,40,1,59,0.9835,0.88,1.0,0.0,1.0,0.9335,0.0,0.0865,0.0,0.0829,40,0,60,0.9829,0.9,1.0,0.0,1.0,0.9142,0.0,0.0916,0.0,0.0935,41,3,56,0.9902,0.9,1.0,0.0,0.9324,0.0672,0.0649,0.9916,0.934,0.9153,0.1039,0.0995,0.9903,0.897,0.9299,0.0765,0.078,0.9866,0.918,0.9201,0.0919,0.0872,0.9888,0.899,0.081,0.0407,False,0.0,0.0037,0.0593,0.0076
32,100,none,1.0,1.0,1.0,0.9214,0.0,0.0865,0.0002,0.0906,27,0,73,0.989,0.91,1.0,0.0,1.0,0.8996,0.0,0.1473,0.0017,0.1526,29,0,71,0.9907,0.85,1.0,0.0,1.0,0.9318,0.0,0.0646,0.0,0.055,29,0,71,0.985,0.93,1.0,0.0,1.0,0.8415,0.0,0.1413,0.0,0.1418,30,3,67,0.9918,0.85,1.0,0.0,0.9373,0.0687,0.066,0.991,0.933,0.9178,0.11,0.1051,0.9898,0.891,0.9278,0.0769,0.0787,0.986,0.917,0.9119,0.0994,0.0951,0.9885,0.891,0.0834,0.0419,False,0.0,0.0049,0.0549,0.009
33,100,none,1.0,1.0,1.0,0.9879,0.0,0.013,0.0002,0.0188,30,0,70,0.9897,0.99,1.0,0.0,1.0,0.9743,0.0,0.0513,0.0015,0.0547,31,1,68,0.9932,0.94,1.0,0.0,1.0,0.9556,0.0,0.0328,0.0,0.0429,28,0,72,0.9871,0.97,1.0,0.0,1.0,0.9621,0.0,0.0522,0.0,0.0657,27,6,67,0.9815,0.92,1.0,0.0,0.9441,0.0651,0.0616,0.991,0.938,0.9287,0.102,0.0972,0.9897,0.898,0.9318,0.0739,0.0734,0.9869,0.923,0.9129,0.0992,0.0947,0.9885,0.891,0.1179,0.0593,False,0.0,0.006,0.0462,0.0104
34,100,none,1.0,1.0,1.0,0.9335,0.0,0.0712,0.0002,0.0703,33,0,67,0.9903,0.92,1.0,0.0,1.0,0.941,0.0001,0.0849,0.0024,0.0936,38,3,59,0.9839,0.9,1.0,0.0,1.0,0.9427,0.0,0.0651,0.0,0.0529,36,0,64,0.9829,0.93,1.0,0.0,1.0,0.9535,0.0,0.0672,0.0,0.0736,36,6,58,0.9836,0.91,1.0,0.0,0.9448,0.0649,0.0615,0.991,0.937,0.9363,0.0954,0.0902,0.9894,0.905,0.9362,0.0696,0.0708,0.9859,0.925,0.9193,0.0946,0.0903,0.988,0.895,0.0745,0.0371,False,0.0,0.0072,0.0375,0.0117
35,100,none,1.0,1.0,1.0,0.9348,0.0,0.0935,0.0002,0.0951,37,0,63,0.9937,0.9,1.0,0.0,1.0,0.9321,0.0,0.0901,0.0016,0.0984,31,3,66,0.9856,0.9,1.0,0.0,1.0,0.951,0.0,0.069,0.0,0.0714,39,0,61,0.9914,0.92,1.0,0.0,1.0,0.9294,0.0,0.0799,0.0,0.0842,36,2,62,0.9942,0.91,1.0,0.0,0.94,0.0706,0.0678,0.9914,0.93,0.9368,0.092,0.0872,0.9901,0.908,0.938,0.0704,0.0708,0.9863,0.924,0.9206,0.0907,0.0871,0.989,0.9,0.1258,0.0628,False,0.0,0.008,0.0351,0.0125
36,100,none,1.0,1.0,1.0,0.9382,0.0,0.093,0.0002,0.0965,33,0,67,0.9905,0.9,1.0,0.0,1.0,0.8707,0.0,0.1559,0.0018,0.161,31,2,67,0.9899,0.84,1.0,0.0,1.0,0.9369,0.0,0.0998,0.0,0.1039,35,0,65,0.9839,0.88,1.0,0.0,1.0,0.8792,0.0,0.1221,0.0,0.1191,36,4,60,0.9891,0.87,1.0,0.0,0.9394,0.0756,0.0729,0.9914,0.924,0.9286,0.1006,0.0956,0.9898,0.899,0.9386,0.0711,0.0724,0.9864,0.92,0.9173,0.0927,0.0902,0.989,0.898,0.0896,0.045,False,0.0019,0.0088,0.0376,0.0133
37,100,none,1.0,1.0,1.0,0.9134,0.0,0.0884,0.0002,0.0893,32,0,68,0.9975,0.91,1.0,0.0,1.0,0.9198,0.0002,0.1102,0.0031,0.1202,34,3,63,0.9837,0.88,1.0,0.0,1.0,0.8305,0.0,0.1761,0.0,0.175,34,0,66,0.985,0.81,1.0,0.0,1.0,0.8769,0.0,0.1236,0.0,0.1317,35,3,62,0.9877,0.86,1.0,0.0,0.9352,0.0791,0.0766,0.9918,0.92,0.9235,0.1091,0.1033,0.9889,0.891,0.9256,0.0825,0.0848,0.986,0.906,0.9124,0.0974,0.0945,0.9884,0.893,0.1247,0.0625,False,0.0074,0.0091,0.0436,0.0137
38,100,none,1.0,1.0,1.0,0.9257,0.0,0.0643,0.0006,0.0654,34,0,66,0.9954,0.93,1.0,0.0,0.9982,0.9127,0.0093,0.0801,0.0078,0.0781,31,0,69,0.9981,0.92,1.0,0.0,1.0,0.8969,0.0,0.1042,0.0,0.0971,34,0,66,0.9871,0.89,1.0,0.0,1.0,0.9009,0.0007,0.0966,0.0027,0.0991,32,4,64,0.9891,0.89,1.0,0.0,0.9366,0.0758,0.0738,0.9924,0.922,0.9228,0.1084,0.1031,0.9893,0.891,0.9248,0.0831,0.0854,0.9855,0.905,0.9115,0.0989,0.0956,0.9878,0.891,0.1092,0.0549,False,0.0102,0.0089,0.0466,0.0135
39,100,none,1.0,1.0,1.0,0.8726,0.0,0.1105,0.0002,0.1108,34,0,66,0.996,0.89,1.0,0.0,1.0,0.8899,0.0001,0.1229,0.0021,0.1255,39,1,60,0.9916,0.87,1.0,0.0,1.0,0.8905,0.0,0.1042,0.0,0.0971,34,0,66,0.9871,0.89,1.0,0.0,1.0,0.9412,0.0,0.0732,0.0,0.0683,40,5,55,0.9844,0.92,1.0,0.0,0.9327,0.0779,0.0758,0.993,0.921,0.9221,0.1064,0.1012,0.9892,0.892,0.9206,0.0835,0.0866,0.986,0.905,0.914,0.0971,0.094,0.9875,0.892,0.0804,0.0397,False,0.0149,0.0081,0.0513,0.0126
40,100,gradual,1.0,1.0,1.0,0.9676,0.0,0.0483,0.0002,0.0474,40,0,60,0.9974,0.95,1.0,0.0,1.0,0.9603,0.0,0.063,0.001,0.0694,35,2,63,0.9881,0.94,1.0,0.0,1.0,0.9447,0.0,0.0666,0.0,0.0657,42,0,58,0.9957,0.93,1.0,0.0,1.0,0.9281,0.0,0.0706,0.0,0.0725,40,0,60,0.9975,0.93,1.0,0.0,0.9352,0.075,0.0734,0.9936,0.923,0.9235,0.1069,0.1013,0.9888,0.892,0.9214,0.0844,0.0869,0.9868,0.905,0.9127,0.095,0.0918,0.9889,0.896,0.0712,0.0359,False,0.0173,0.0066,0.0535,0.0112
41,100,gradual,1.0063,1.0,1.0,0.9417,0.0,0.0664,0.0002,0.0628,24,0,76,0.9928,0.93,1.0,0.0,1.0,0.8424,0.0001,0.1284,0.0023,0.1276,30,0,70,0.9976,0.87,1.0,0.0,1.0,0.8876,0.0,0.1042,0.0,0.0971,28,0,72,0.9871,0.89,1.0,0.0,1.0,0.9089,0.0,0.0753,0.0,0.0773,28,1,71,0.9973,0.92,1.0,0.0,0.9337,0.0747,0.0735,0.9932,0.923,0.9143,0.1081,0.1034,0.9902,0.891,0.9168,0.0858,0.0887,0.9872,0.904,0.9122,0.0933,0.0902,0.9896,0.898,0.0921,0.0462,False,0.0197,0.0056,0.0557,0.0102
42,100,gradual,1.0125,1.0,1.0,0.957,0.0,0.0565,0.0003,0.0528,38,0,62,0.9874,0.94,1.0,0.0,1.0,0.8661,0.0001,0.1453,0.0029,0.1485,42,1,57,0.9944,0.85,1.0,0.0,1.0,0.9623,0.0005,0.0566,0.0021,0.0539,39,0,61,0.9818,0.93,1.0,0.0,1.0,0.8795,0.0106,0.1221,0.0145,0.1191,39,4,57,0.9891,0.87,1.0,0.0,0.9372,0.0709,0.0705,0.9931,0.926,0.9109,0.1077,0.1032,0.9906,0.891,0.9199,0.0857,0.0879,0.9869,0.904,0.916,0.0911,0.0883,0.9894,0.9,0.0837,0.0421,False,0.0192,0.0047,0.0548,0.0093
43,100,gradual,1.0188,1.0,1.0,0.9407,0.005,0.0598,0.0073,0.0584,25,0,75,0.9884,0.93,1.0,0.0,1.0,0.9387,0.0,0.09,0.001,0.0891,29,0,71,0.9991,0.91,1.0,0.0,0.9997,0.9389,0.0067,0.0804,0.0068,0.075,27,0,73,0.985,0.91,1.0,0.0,1.0,0.9262,0.0053,0.0809,0.0077,0.0862,29,2,69,0.9929,0.91,1.0,0.0,0.9325,0.0749,0.0752,0.9929,0.92,0.9074,0.1111,0.1071,0.9912,0.888,0.9182,0.0889,0.0926,0.9867,0.898,0.9124,0.0931,0.0911,0.9905,0.899,0.1379,0.0689,False,0.0233,0.0039,0.0584,0.0086
44,100,gradual,1.025,1.0,1.0,0.9469,0.0208,0.0904,0.0246,0.0912,33,0,67,0.9946,0.91,1.0,0.0,1.0,0.8884,0.0098,0.14,0.0135,0.142,36,0,64,0.9953,0.86,1.0,0.0,0.9987,0.9353,0.0194,0.077,0.0193,0.0707,33,0,67,0.9807,0.91,1.0,0.0,0.9994,0.9334,0.0075,0.079,0.0009,0.0864,39,3,58,0.9901,0.92,1.0,0.0,0.9339,0.077,0.0771,0.9934,0.919,0.9021,0.116,0.1126,0.9923,0.884,0.9175,0.0907,0.0938,0.9865,0.896,0.9104,0.0944,0.0923,0.9911,0.9,0.0922,0.046,False,0.0294,0.0027,0.0637,0.0074
45,100,gradual,1.0312,1.0,1.0,0.9048,0.0315,0.1158,0.0438,0.1204,34,0,66,0.9904,0.87,1.0,0.0,1.0,0.9181,0.0003,0.0807,0.0028,0.0841,37,4,59,0.9826,0.92,1.0,0.0,0.9949,0.9056,0.0389,0.1203,0.0386,0.1121,35,0,65,0.9721,0.86,1.0,0.0,1.0,0.9296,0.0111,0.1015,0.0169,0.1105,43,4,53,0.987,0.88,1.0,0.0,0.9309,0.0795,0.0793,0.993,0.916,0.9007,0.1146,0.1116,0.992,0.886,0.9129,0.0948,0.0989,0.9846,0.89,0.9104,0.097,0.0945,0.9904,0.897,0.139,0.0682,False,0.0376,0.0019,0.0709,0.0066
46,100,gradual,1.0375,1.0,1.0,0.9341,0.0,0.094,0.0003,0.0972,33,0,67,0.9873,0.9,1.0,0.0,1.0,0.8163,0.0024,0.1896,0.0076,0.1935,40,0,60,0.9939,0.81,1.0,0.0,1.0,0.9391,0.0014,0.074,0.0064,0.066,32,1,67,0.976,0.91,1.0,0.0,1.0,0.8844,0.0264,0.13,0.0364,0.1275,37,7,56,0.9788,0.86,1.0,0.0,0.9305,0.0796,0.0794,0.9927,0.916,0.8953,0.1178,0.115,0.9924,0.883,0.9131,0.091,0.0964,0.9838,0.893,0.9109,0.0979,0.0953,0.9894,0.896,0.1021,0.0508,False,0.046,0.0013,0.078,0.0062
47,100,gradual,1.0437,1.0,1.0,0.931,0.0156,0.0757,0.0219,0.0796,41,0,59,0.9868,0.92,1.0,0.0,1.0,0.8656,0.0006,0.1774,0.0045,0.1821,42,1,57,0.9921,0.81,1.0,0.0,0.9988,0.9357,0.0194,0.0676,0.0193,0.0615,35,1,64,0.9789,0.92,1.0,0.0,1.0,0.9543,0.0015,0.0581,0.0055,0.0536,38,6,56,0.9836,0.93,1.0,0.0,0.9322,0.0786,0.0782,0.9917,0.917,0.8898,0.124,0.1217,0.9933,0.876,0.9237,0.0796,0.0855,0.9832,0.904,0.9186,0.09,0.0887,0.989,0.903,0.1163,0.0585,False,0.0531,0.0018,0.0837,0.0066
48,100,gradual,1.05,1.0,1.0,0.9554,0.0147,0.0563,0.0169,0.0548,28,0,72,0.9896,0.94,1.0,0.0,1.0,0.8385,0.0001,0.1728,0.0014,0.177,34,1,65,0.9928,0.83,1.0,0.0,0.9839,0.9407,0.0166,0.0646,0.0157,0.055,31,0,69,0.985,0.93,1.0,0.0,0.9998,0.9143,0.006,0.086,0.0045,0.0845,33,2,65,0.9945,0.91,1.0,0.0,0.9352,0.0775,0.0774,0.9911,0.918,0.8824,0.1339,0.131,0.9927,0.867,0.928,0.0754,0.0816,0.9829,0.908,0.92,0.0886,0.0877,0.9895,0.905,0.1082,0.054,False,0.0595,0.0029,0.0884,0.0077
49,100,gradual,1.0562,1.0,0.9987,0.9737,0.0181,0.0556,0.0287,0.0518,32,0,68,0.9918,0.94,1.0,0.0,0.9996,0.8777,0.0099,0.1273,0.0144,0.1302,35,0,65,0.9946,0.87,1.0,0.0,0.9973,0.9296,0.0249,0.0733,0.0267,0.0714,32,0,68,0.9914,0.92,1.0,0.0,0.998,0.893,0.0181,0.0913,0.0136,0.0918,29,3,68,0.9918,0.9,1.0,0.0,0.9453,0.0716,0.0719,0.9906,0.923,0.8812,0.1344,0.1314,0.993,0.867,0.932,0.0728,0.0785,0.9834,0.911,0.9152,0.0909,0.0895,0.9903,0.903,0.1613,0.0807,False,0.0603,0.0044,0.0876,0.0092
50,100,gradual,1.0625,1.0,1.0,0.9691,0.0146,0.0674,0.0171,0.0694,32,0,68,0.9933,0.93,1.0,0.0,1.0,0.9028,0.009,0.1213,0.0116,0.1307,27,3,70,0.9819,0.86,1.0,0.0,0.9852,0.8707,0.0176,0.1146,0.0114,0.105,31,0,69,0.985,0.88,1.0,0.0,0.9996,0.8932,0.0068,0.0922,0.0018,0.0982,31,3,66,0.9918,0.91,1.0,0.0,0.9454,0.0738,0.0738,0.9902,0.921,0.8755,0.1405,0.1373,0.9924,0.859,0.9246,0.0768,0.0833,0.9823,0.906,0.9117,0.0935,0.0916,0.9897,0.901,0.1541,0.0756,False,0.0631,0.0064,0.0886,0.011
51,100,gradual,1.0688,1.0,1.0,0.9729,0.0195,0.0641,0.0203,0.0651,39,0,61,0.9951,0.93,1.0,0.0,0.9963,0.9011,0.0225,0.1469,0.0243,0.1536,37,2,61,0.988,0.84,1.0,0.0,0.9988,0.9524,0.0153,0.0665,0.0132,0.0629,38,0,62,0.9829,0.92,1.0,0.0,0.9908,0.9319,0.0213,0.0859,0.0218,0.0918,45,3,52,0.9918,0.9,1.0,0.0,0.9486,0.0741,0.0736,0.9905,0.921,0.8813,0.1431,0.1391,0.9915,0.856,0.931,0.0734,0.0795,0.9819,0.909,0.914,0.095,0.0927,0.9891,0.899,0.1779,0.0879,False,0.0656,0.0081,0.0892,0.0126
52,100,gradual,1.075,1.0,0.9978,0.9871,0.0217,0.0535,0.0278,0.0589,31,0,69,0.9889,0.93,1.0,0.0,0.9969,0.9479,0.0245,0.0793,0.0281,0.0815,36,0,64,0.9959,0.92,1.0,0.0,0.9973,0.9225,0.0204,0.0832,0.015,0.0786,26,0,74,0.9786,0.9,1.0,0.0,0.9993,0.9124,0.0166,0.0922,0.0197,0.0901,34,4,62,0.9881,0.9,1.0,0.0,0.9516,0.0747,0.0733,0.9906,0.92,0.8895,0.1364,0.1325,0.9916,0.863,0.927,0.0758,0.0821,0.9816,0.906,0.9173,0.0921,0.0897,0.989,0.902,0.1233,0.0613,False,0.0679,0.0097,0.0895,0.0139
53,100,gradual,1.0813,1.0,1.0,0.9132,0.0237,0.0945,0.0262,0.098,24,0,76,0.9936,0.9,1.0,0.0,0.9985,0.8695,0.0102,0.1393,0.0118,0.1403,26,0,74,0.9975,0.86,1.0,0.0,0.9814,0.8869,0.0228,0.107,0.0236,0.1007,24,0,76,0.9807,0.88,1.0,0.0,0.9573,0.8963,0.03,0.0809,0.03,0.0754,22,5,73,0.9854,0.91,1.0,0.0,0.9488,0.0786,0.0767,0.9911,0.917,0.8826,0.1415,0.1375,0.9915,0.858,0.9218,0.0784,0.0848,0.9811,0.903,0.9143,0.091,0.0897,0.9883,0.902,0.1643,0.0827,False,0.0735,0.0107,0.0931,0.0148
54,100,gradual,1.0875,1.0,0.9773,0.8893,0.0269,0.1167,0.033,0.1164,28,0,72,0.9864,0.87,1.0,0.0,0.9974,0.8842,0.0294,0.13,0.0358,0.1345,30,1,69,0.9875,0.86,1.0,0.0,0.9822,0.9251,0.0308,0.0779,0.0229,0.0664,30,0,70,0.9764,0.91,1.0,0.0,0.9843,0.8443,0.0372,0.1596,0.0436,0.1662,32,5,63,0.9839,0.82,1.0,0.0,0.9431,0.0812,0.0794,0.9903,0.913,0.8822,0.1407,0.1365,0.9907,0.858,0.9208,0.078,0.0849,0.9807,0.903,0.9054,0.099,0.0978,0.9877,0.892,0.1849,0.0928,False,0.0819,0.0126,0.0991,0.0164
55,100,gradual,1.0938,1.0,0.9906,0.891,0.0444,0.1258,0.057,0.1235,31,0,69,0.9835,0.86,1.0,0.0,0.9961,0.9436,0.0321,0.098,0.0409,0.1033,37,1,62,0.9832,0.89,1.0,0.0,0.9665,0.8958,0.0513,0.1077,0.0473,0.1033,30,1,69,0.9781,0.88,1.0,0.0,0.9695,0.9093,0.0426,0.0972,0.0436,0.103,33,6,61,0.983,0.88,1.0,0.0,0.9417,0.0815,0.0804,0.9896,0.912,0.8847,0.1427,0.1382,0.9907,0.855,0.9198,0.0771,0.0836,0.9813,0.905,0.9033,0.0982,0.0973,0.9873,0.892,0.3509,0.1766,True,0.0912,0.0152,0.106,0.0186
56,100,gradual,1.1,1.0,1.0,0.9617,0.0778,0.1262,0.0925,0.1353,24,0,76,0.9703,0.84,1.0,0.0,0.9971,0.8923,0.0418,0.1543,0.0533,0.1586,31,2,67,0.9886,0.83,1.0,0.0,0.9704,0.9096,0.0765,0.1388,0.0864,0.1521,26,0,74,0.9721,0.82,1.0,0.0,0.9721,0.9062,0.0424,0.0891,0.0362,0.0873,33,6,61,0.9827,0.91,1.0,0.0,0.9444,0.0853,0.0836,0.9879,0.906,0.8923,0.1392,0.1347,0.9902,0.857,0.9169,0.0857,0.0901,0.9809,0.896,0.9055,0.0942,0.0932,0.9877,0.897,0.2226,0.1111,False,0.1038,0.0194,0.1158,0.0225
57,100,gradual,1.1062,1.0,0.9911,0.8819,0.0651,0.1246,0.0833,0.1389,20,0,80,0.9789,0.84,1.0,0.0,0.9987,0.9403,0.0125,0.0636,0.0197,0.0703,31,1,68,0.9895,0.94,1.0,0.0,0.9768,0.8817,0.0766,0.1474,0.0875,0.1521,26,0,74,0.9721,0.82,1.0,0.0,0.9991,0.8966,0.0103,0.0926,0.0082,0.0936,27,6,67,0.9836,0.89,1.0,0.0,0.9395,0.0912,0.0885,0.9871,0.898,0.8998,0.128,0.1233,0.99,0.87,0.9115,0.0948,0.0981,0.9802,0.886,0.8998,0.0982,0.0967,0.9877,0.893,0.2566,0.1307,True,0.1212,0.0245,0.1302,0.0271
58,100,gradual,1.1125,1.0,0.9987,0.925,0.0346,0.1318,0.0434,0.1409,32,0,68,0.9796,0.84,1.0,0.0,0.99,0.8671,0.0468,0.1531,0.0521,0.1595,34,2,64,0.9891,0.85,1.0,0.0,0.9969,0.9783,0.0322,0.0698,0.0329,0.0807,34,0,66,0.9807,0.9,1.0,0.0,0.9912,0.9292,0.0126,0.0728,0.0187,0.0664,35,5,60,0.9864,0.92,1.0,0.0,0.9365,0.0998,0.096,0.9861,0.888,0.9026,0.1262,0.1213,0.9896,0.872,0.9153,0.0973,0.0986,0.9798,0.883,0.9012,0.0964,0.0954,0.9869,0.894,0.2325,0.1158,False,0.1462,0.0306,0.1517,0.0325
59,100,gradual,1.1187,1.0,1.0,0.9803,0.0281,0.0531,0.0331,0.0555,34,0,66,0.9855,0.93,1.0,0.0,1.0,0.9058,0.0007,0.1115,0.0046,0.1129,35,1,64,0.9953,0.89,1.0,0.0,0.9831,0.9329,0.0304,0.0774,0.025,0.0686,32,0,68,0.9786,0.91,1.0,0.0,0.9831,0.8702,0.0412,0.1419,0.046,0.1464,38,5,57,0.9864,0.84,1.0,0.0,0.9372,0.1002,0.0958,0.9855,0.887,0.9055,0.1245,0.1197,0.9897,0.874,0.9156,0.097,0.099,0.9785,0.882,0.899,0.1018,0.1004,0.9863,0.888,0.1871,0.0939,False,0.171,0.0372,0.1725,0.0385
60,100,gradual,1.125,1.0,0.9773,0.9021,0.0672,0.1466,0.0771,0.147,35,0,65,0.987,0.84,1.0,0.0,0.9916,0.8882,0.0535,0.149,0.0586,0.1519,39,1,60,0.9934,0.85,1.0,0.0,0.9578,0.8846,0.068,0.1289,0.0729,0.1286,30,0,70,0.9786,0.85,1.0,0.0,0.9857,0.8907,0.019,0.1037,0.0158,0.112,36,3,61,0.988,0.9,1.0,0.0,0.9305,0.108,0.1037,0.9849,0.878,0.904,0.1266,0.1225,0.9908,0.873,0.917,0.0994,0.1005,0.9779,0.879,0.8987,0.1032,0.1016,0.9859,0.887,0.266,0.1331,True,0.2036,0.0445,0.2007,0.0449
61,100,gradual,1.1313,1.0,0.9983,0.8964,0.0685,0.1293,0.0801,0.1367,26,0,74,0.9767,0.84,1.0,0.0,0.9975,0.9223,0.028,0.1102,0.0309,0.1181,32,2,66,0.986,0.88,1.0,0.0,0.9847,0.8956,0.066,0.1303,0.0786,0.1386,26,0,74,0.9786,0.84,1.0,0.0,0.972,0.9389,0.0301,0.0606,0.028,0.0627,33,1,66,0.9972,0.94,1.0,0.0,0.9228,0.1151,0.1102,0.983,0.869,0.9061,0.1231,0.1188,0.9906,0.877,0.9113,0.107,0.1068,0.9774,0.871,0.8994,0.1003,0.0991,0.9865,0.891,0.259,0.1302,True,0.2428,0.0537,0.2348,0.0531
62,100,gradual,1.1375,1.0,0.9831,0.8542,0.0625,0.1447,0.0741,0.1472,26,0,74,0.9858,0.84,1.0,0.0,0.9952,0.9089,0.0473,0.1435,0.0545,0.144,32,1,67,0.994,0.85,1.0,0.0,0.9766,0.898,0.0634,0.1232,0.0763,0.135,25,0,75,0.985,0.85,1.0,0.0,0.9499,0.9299,0.0422,0.069,0.0482,0.0664,31,6,63,0.9836,0.93,1.0,0.0,0.9095,0.1239,0.1193,0.9827,0.86,0.9022,0.1293,0.1252,0.9904,0.87,0.9088,0.1126,0.1108,0.9781,0.866,0.9012,0.0979,0.0967,0.986,0.894,0.3055,0.1541,True,0.291,0.0631,0.2773,0.0615
63,100,gradual,1.1438,1.0,0.9996,0.8859,0.0261,0.1038,0.0322,0.0998,29,0,71,0.9798,0.88,1.0,0.0,0.9957,0.8876,0.0245,0.1109,0.0321,0.123,34,3,63,0.982,0.87,1.0,0.0,0.9839,0.8955,0.0299,0.1164,0.0271,0.11,27,0,73,0.97,0.86,1.0,0.0,0.9766,0.9258,0.0334,0.0728,0.0328,0.0664,32,5,63,0.9864,0.92,1.0,0.0,0.9068,0.1241,0.1203,0.9814,0.858,0.904,0.1276,0.1224,0.9889,0.871,0.9097,0.1135,0.1118,0.977,0.864,0.9041,0.097,0.0959,0.9861,0.895,0.3081,0.1551,True,0.3403,0.0739,0.32,0.071
64,100,gradual,1.15,1.0,0.9955,0.9313,0.0683,0.1071,0.0771,0.1087,22,0,78,0.9787,0.87,1.0,0.0,0.9973,0.889,0.025,0.1194,0.0309,0.1224,30,1,69,0.9946,0.88,1.0,0.0,0.9439,0.8844,0.0783,0.1169,0.0846,0.1079,23,0,77,0.9679,0.86,1.0,0.0,0.96,0.8976,0.0383,0.101,0.0336,0.0983,32,4,64,0.9883,0.89,1.0,0.0,0.911,0.1234,0.1193,0.9806,0.858,0.9045,0.1264,0.1214,0.9896,0.873,0.9056,0.1177,0.1157,0.9762,0.859,0.9094,0.0902,0.0901,0.9866,0.902,0.2998,0.1502,True,0.3885,0.0855,0.361,0.0811
65,100,gradual,1.1562,1.0,0.9925,0.9195,0.0532,0.1059,0.0609,0.111,19,0,81,0.991,0.88,1.0,0.0,0.9877,0.9408,0.0418,0.0632,0.05,0.0757,20,4,76,0.9802,0.92,1.0,0.0,0.9907,0.9149,0.05,0.0946,0.056,0.0986,17,0,83,0.9786,0.88,1.0,0.0,0.9355,0.892,0.0463,0.1085,0.0388,0.1134,26,5,69,0.9848,0.88,1.0,0.0,0.9138,0.1221,0.1173,0.9813,0.86,0.9042,0.1236,0.1179,0.9893,0.876,0.9076,0.1172,0.1144,0.9762,0.859,0.9077,0.0913,0.0912,0.9867,0.902,0.4097,0.2064,True,0.4348,0.0963,0.3993,0.0904
66,100,gradual,1.1625,1.0,0.9768,0.9683,0.0995,0.1377,0.1167,0.1483,22,0,78,0.9783,0.83,1.0,0.0,0.9871,0.8526,0.0521,0.1576,0.0561,0.1642,27,2,71,0.9884,0.84,1.0,0.0,0.9565,0.902,0.0984,0.1327,0.1143,0.1443,22,0,78,0.9743,0.83,1.0,0.0,0.973,0.9039,0.0251,0.0723,0.0342,0.0777,27,3,70,0.9913,0.93,1.0,0.0,0.9145,0.1234,0.1185,0.9821,0.859,0.9003,0.1242,0.1182,0.9892,0.877,0.9068,0.1164,0.1138,0.9764,0.86,0.9075,0.0903,0.0895,0.9876,0.904,0.5706,0.2824,True,0.4822,0.1064,0.4382,0.0987
67,100,gradual,1.1687,1.0,0.993,0.9508,0.0501,0.1169,0.0513,0.1176,24,0,76,0.9876,0.87,1.0,0.0,0.9736,0.8908,0.0588,0.1083,0.0592,0.1094,32,0,68,0.9909,0.89,1.0,0.0,0.9662,0.927,0.0465,0.0878,0.0429,0.0832,24,0,76,0.9732,0.89,1.0,0.0,0.9701,0.8758,0.0283,0.1126,0.0236,0.1136,28,6,66,0.9836,0.87,1.0,0.0,0.9214,0.1213,0.1177,0.983,0.862,0.8953,0.1281,0.1227,0.9894,0.872,0.9113,0.1096,0.1078,0.9766,0.867,0.9054,0.0923,0.0915,0.9876,0.902,0.419,0.2109,True,0.5289,0.1156,0.4757,0.106
68,100,gradual,1.175,1.0,0.9955,0.8164,0.0684,0.2008,0.0767,0.1982,28,0,72,0.9882,0.79,1.0,0.0,0.9845,0.8886,0.0479,0.1395,0.0552,0.1539,31,5,64,0.9741,0.83,1.0,0.0,0.9733,0.8831,0.0646,0.1303,0.0686,0.1221,34,0,66,0.9721,0.85,1.0,0.0,0.9653,0.8362,0.0428,0.1605,0.0364,0.1586,34,7,59,0.9787,0.83,1.0,0.0,0.9105,0.127,0.1246,0.9839,0.857,0.8975,0.1276,0.1213,0.9879,0.87,0.9018,0.1137,0.1138,0.9757,0.862,0.8961,0.1015,0.1003,0.9868,0.893,0.304,0.1526,True,0.5824,0.1239,0.5194,0.1123
69,100,gradual,1.1812,1.0,0.9755,0.8997,0.074,0.1484,0.0799,0.1491,26,0,74,0.9891,0.84,1.0,0.0,0.9568,0.8463,0.091,0.1999,0.0965,0.1963,27,2,71,0.9863,0.79,1.0,0.0,0.9541,0.9104,0.0632,0.1279,0.0586,0.13,28,0,72,0.97,0.84,1.0,0.0,0.951,0.8832,0.0536,0.115,0.0436,0.1018,30,8,62,0.9782,0.88,1.0,0.0,0.9025,0.1364,0.1341,0.9842,0.848,0.8915,0.1359,0.1301,0.987,0.86,0.8996,0.1198,0.1189,0.9748,0.855,0.8974,0.0971,0.0976,0.986,0.897,0.3764,0.1889,True,0.6455,0.1318,0.5717,0.1182
70,100,gradual,1.1875,1.0,0.9891,0.9184,0.0978,0.161,0.111,0.1718,21,0,79,0.9818,0.81,1.0,0.0,0.9813,0.8127,0.0747,0.1972,0.083,0.1952,22,2,76,0.9794,0.8,1.0,0.0,0.947,0.877,0.0936,0.1497,0.1,0.1579,19,0,81,0.9679,0.81,1.0,0.0,0.9525,0.855,0.0505,0.1288,0.0435,0.1209,27,7,66,0.9809,0.86,1.0,0.0,0.9041,0.1388,0.1356,0.9837,0.845,0.884,0.1402,0.135,0.9856,0.855,0.8988,0.1228,0.121,0.9738,0.851,0.8938,0.098,0.1001,0.9853,0.893,0.4399,0.2213,True,0.71,0.1403,0.6248,0.1245
71,100,gradual,1.1938,1.0,0.9745,0.9261,0.0812,0.1454,0.0907,0.1376,24,0,76,0.9776,0.84,1.0,0.0,0.962,0.8733,0.0858,0.1383,0.0942,0.1416,30,2,68,0.9893,0.86,1.0,0.0,0.9824,0.9382,0.0666,0.086,0.0775,0.0821,29,0,71,0.9721,0.89,1.0,0.0,0.9847,0.9083,0.0236,0.0941,0.0136,0.0935,32,7,61,0.9769,0.9,1.0,0.0,0.9071,0.1389,0.1372,0.9838,0.845,0.8791,0.1426,0.1378,0.9859,0.853,0.903,0.1171,0.1166,0.9731,0.856,0.8908,0.1011,0.1035,0.9833,0.889,0.4756,0.2376,True,0.7762,0.1487,0.6786,0.1306
72,100,gradual,1.2,1.0,0.9796,0.9316,0.0891,0.121,0.1001,0.1175,40,0,60,0.9775,0.86,1.0,0.0,0.964,0.7942,0.0924,0.2641,0.0973,0.2692,31,0,69,0.9888,0.73,1.0,0.0,0.9552,0.8936,0.0903,0.1474,0.0986,0.1521,36,0,64,0.9721,0.82,1.0,0.0,0.9604,0.931,0.0574,0.0826,0.0368,0.0627,35,12,53,0.9673,0.91,1.0,0.0,0.9148,0.136,0.1348,0.983,0.847,0.8676,0.1551,0.1498,0.9854,0.841,0.9026,0.1188,0.119,0.9718,0.853,0.8909,0.1007,0.1048,0.9816,0.887,0.398,0.1994,True,0.8399,0.1578,0.7293,0.1375
73,100,gradual,1.2063,1.0,0.9647,0.8616,0.0898,0.1491,0.0953,0.1575,23,0,77,0.9775,0.82,1.0,0.0,0.9466,0.8336,0.1032,0.1543,0.1077,0.1589,22,1,77,0.9906,0.84,1.0,0.0,0.9371,0.848,0.0775,0.1674,0.085,0.1721,23,0,77,0.9721,0.8,1.0,0.0,0.9509,0.9104,0.0443,0.0965,0.0309,0.0952,24,9,67,0.9717,0.88,1.0,0.0,0.9124,0.1417,0.1393,0.9827,0.841,0.8622,0.1587,0.1542,0.9863,0.838,0.8979,0.125,0.1241,0.972,0.847,0.8893,0.1036,0.1072,0.9802,0.883,0.5897,0.2959,True,0.9082,0.1673,0.7837,0.1445
74,100,gradual,1.2125,1.0,0.9908,0.9242,0.0828,0.1269,0.0901,0.1356,21,0,79,0.9756,0.85,1.0,0.0,0.9821,0.9203,0.087,0.1293,0.0885,0.135,32,1,67,0.9902,0.86,1.0,0.0,0.9874,0.8826,0.0702,0.1316,0.0757,0.1293,17,0,83,0.9593,0.83,1.0,0.0,0.9655,0.9391,0.0413,0.0667,0.0356,0.0612,23,8,69,0.9769,0.92,1.0,0.0,0.9117,0.1444,0.1413,0.9824,0.839,0.8653,0.1599,0.1552,0.9858,0.836,0.8977,0.1272,0.1255,0.9712,0.844,0.8935,0.0999,0.1038,0.979,0.886,0.3813,0.1915,True,0.9784,0.1771,0.8393,0.1517
75,100,gradual,1.2188,1.0,0.9253,0.8595,0.0744,0.1209,0.0779,0.1171,30,0,70,0.9723,0.86,1.0,0.0,0.9622,0.8829,0.0929,0.161,0.1019,0.1677,42,1,57,0.9899,0.84,1.0,0.0,0.9153,0.8907,0.0799,0.1004,0.0771,0.095,29,0,71,0.985,0.89,1.0,0.0,0.9455,0.8504,0.049,0.1298,0.0464,0.1291,26,7,67,0.9809,0.87,1.0,0.0,0.9057,0.145,0.1428,0.9806,0.837,0.8595,0.1691,0.1649,0.9868,0.828,0.8953,0.1268,0.1261,0.9718,0.845,0.8893,0.1014,0.1059,0.9786,0.885,0.4722,0.2372,True,1.0502,0.1886,0.8955,0.1605
76,100,gradual,1.225,1.0,0.9593,0.9053,0.1151,0.1454,0.1293,0.158,23,0,77,0.968,0.81,1.0,0.0,0.9614,0.9026,0.0948,0.1416,0.1018,0.1475,35,0,65,0.9902,0.85,1.0,0.0,0.944,0.924,0.1145,0.1412,0.1321,0.1579,27,0,73,0.9679,0.81,1.0,0.0,0.9323,0.8644,0.0583,0.1188,0.0536,0.1109,26,7,67,0.9809,0.87,1.0,0.0,0.8994,0.146,0.1436,0.9795,0.835,0.8645,0.1675,0.1634,0.987,0.829,0.8975,0.1282,0.127,0.9712,0.843,0.8854,0.1047,0.1105,0.9776,0.879,0.6034,0.3028,True,1.1227,0.2013,0.9518,0.1704
77,100,gradual,1.2312,1.0,0.972,0.8937,0.0837,0.1456,0.0851,0.1455,21,0,79,0.9855,0.84,1.0,0.0,0.9387,0.7693,0.1001,0.2331,0.1112,0.2447,24,3,73,0.9795,0.75,1.0,0.0,0.9677,0.915,0.0637,0.1198,0.0729,0.1307,26,0,74,0.9807,0.85,1.0,0.0,0.9242,0.8967,0.0515,0.0792,0.0555,0.0778,23,6,71,0.9822,0.92,1.0,0.0,0.8936,0.1488,0.1464,0.9793,0.832,0.8524,0.181,0.1758,0.9858,0.815,0.8963,0.1329,0.1302,0.9719,0.839,0.8875,0.1012,0.1072,0.9775,0.884,0.6642,0.3341,True,1.1981,0.2142,1.0101,0.1803
78,100,gradual,1.2375,1.0,0.947,0.8841,0.08,0.0897,0.0879,0.0977,23,0,77,0.9861,0.89,1.0,0.0,0.9742,0.9158,0.0717,0.1276,0.0787,0.1282,29,3,68,0.9771,0.87,1.0,0.0,0.9537,0.9303,0.0737,0.082,0.0829,0.0898,25,1,74,0.9845,0.9,1.0,0.0,0.9412,0.9095,0.0419,0.0753,0.0484,0.0836,27,4,69,0.9875,0.92,1.0,0.0,0.9004,0.1387,0.1353,0.9791,0.842,0.8551,0.1784,0.1746,0.9861,0.819,0.901,0.1297,0.1253,0.9732,0.844,0.8948,0.0937,0.0987,0.9783,0.893,0.4264,0.2138,True,1.2623,0.2272,1.0566,0.1902
79,100,gradual,1.2437,1.0,0.9875,0.8422,0.0937,0.15,0.1067,0.1555,19,0,81,0.9855,0.83,1.0,0.0,0.9461,0.8995,0.1081,0.1515,0.1126,0.1508,26,4,70,0.9802,0.84,1.0,0.0,0.9358,0.9078,0.091,0.1276,0.1012,0.1438,20,1,79,0.9738,0.83,1.0,0.0,0.9537,0.8997,0.0405,0.0896,0.0418,0.0882,23,6,71,0.981,0.9,1.0,0.0,0.8947,0.1394,0.1355,0.9787,0.841,0.8604,0.1739,0.1698,0.9855,0.824,0.9007,0.1311,0.1253,0.9735,0.843,0.8964,0.0923,0.0961,0.9786,0.895,0.6209,0.3131,True,1.3268,0.2407,1.1027,0.2005
80,100,abrupt,1.25,0.7,0.8629,0.8448,0.1729,0.2388,0.1632,0.2347,48,0,52,0.9776,0.75,1.0,0.0,0.9134,0.8835,0.2493,0.2532,0.251,0.2526,51,4,45,0.9834,0.75,1.0,0.0,0.8484,0.7314,0.1771,0.2706,0.1668,0.2618,44,1,55,0.9704,0.72,1.0,0.0,0.8514,0.7521,0.2079,0.2786,0.2109,0.2798,49,5,46,0.9829,0.71,1.0,0.0,0.8873,0.1457,0.1433,0.9783,0.835,0.8675,0.1796,0.1754,0.9859,0.819,0.8862,0.1415,0.1374,0.9738,0.834,0.8862,0.1082,0.1111,0.9788,0.88,1.1587,0.5803,True,1.399,0.2546,1.1559,0.2109
81,100,gradual+abrupt,1.2563,0.7,0.9181,0.8155,0.1049,0.1928,0.1162,0.1749,43,0,57,0.9732,0.8,1.0,0.0,0.8752,0.7458,0.2611,0.3465,0.2663,0.3526,47,1,52,0.9887,0.65,1.0,0.0,0.9231,0.8896,0.1089,0.1379,0.128,0.13,41,0,59,0.97,0.86,1.0,0.0,0.9179,0.8691,0.1523,0.1885,0.1682,0.1954,44,9,47,0.9754,0.78,1.0,0.0,0.8762,0.1494,0.148,0.9779,0.831,0.8547,0.2007,0.1962,0.9859,0.798,0.8813,0.1462,0.1426,0.9736,0.831,0.8822,0.1184,0.1206,0.9787,0.868,0.9849,0.4948,True,1.476,0.2688,1.213,0.2217
82,100,gradual+abrupt,1.2625,0.7,0.9389,0.8761,0.1256,0.1794,0.1368,0.1814,50,1,49,0.9799,0.81,1.0,0.0,0.9211,0.9028,0.2134,0.2349,0.2175,0.242,56,3,41,0.9893,0.75,1.0,0.0,0.8992,0.8317,0.1294,0.2068,0.1271,0.1887,50,0,50,0.9687,0.78,1.0,0.0,0.8871,0.8105,0.1823,0.2525,0.1982,0.2609,57,7,36,0.9809,0.72,1.0,0.0,0.8707,0.1558,0.1539,0.9781,0.826,0.8656,0.198,0.1933,0.9859,0.8,0.8751,0.1499,0.1485,0.9732,0.827,0.8702,0.1382,0.1376,0.98,0.849,0.8988,0.45,True,1.5589,0.2829,1.2752,0.2321
83,100,gradual+abrupt,1.2688,0.7,0.9113,0.8511,0.1347,0.1802,0.149,0.1873,43,0,57,0.9778,0.81,1.0,0.0,0.9122,0.8061,0.2711,0.2922,0.2816,0.3025,49,3,48,0.9826,0.69,1.0,0.0,0.9044,0.8274,0.1352,0.1921,0.1546,0.2,43,0,57,0.97,0.81,1.0,0.0,0.875,0.8228,0.2089,0.2528,0.2281,0.2634,49,10,41,0.9701,0.71,1.0,0.0,0.8696,0.1588,0.157,0.9782,0.825,0.8629,0.2124,0.2071,0.9851,0.785,0.873,0.1527,0.151,0.973,0.828,0.8614,0.155,0.1532,0.9799,0.832,1.2814,0.6364,True,1.6448,0.2969,1.3397,0.2423
84,100,gradual+abrupt,1.275,0.7,0.8729,0.8258,0.1392,0.1743,0.1487,0.1795,47,1,52,0.9603,0.83,1.0,0.0,0.8508,0.7967,0.274,0.3112,0.2751,0.321,48,2,50,0.9836,0.68,1.0,0.0,0.884,0.8408,0.1415,0.1834,0.1481,0.1785,50,1,49,0.9663,0.81,1.0,0.0,0.8667,0.7825,0.1831,0.2603,0.1935,0.2732,51,9,40,0.9732,0.71,1.0,0.0,0.8598,0.1632,0.1617,0.9766,0.823,0.8505,0.231,0.2253,0.9844,0.767,0.8689,0.1576,0.1562,0.9737,0.826,0.8458,0.1762,0.1725,0.9795,0.811,0.8895,0.4457,True,1.7355,0.3124,1.4081,0.2539
85,100,gradual+abrupt,1.2812,0.7,0.9552,0.9543,0.1086,0.0974,0.1265,0.1108,37,1,62,0.973,0.9,1.0,0.0,0.9233,0.8595,0.2169,0.2292,0.2205,0.237,45,2,53,0.9833,0.75,1.0,0.0,0.9286,0.8921,0.1096,0.1344,0.1267,0.1589,39,0,61,0.9689,0.87,1.0,0.0,0.8929,0.8364,0.1957,0.2272,0.214,0.2451,42,9,49,0.9751,0.73,1.0,0.0,0.8693,0.1625,0.1594,0.9767,0.827,0.8482,0.2379,0.2321,0.9838,0.758,0.869,0.164,0.1596,0.9721,0.824,0.8444,0.1878,0.1823,0.9789,0.797,1.215,0.6069,True,1.8238,0.3279,1.4733,0.2653
86,100,gradual+abrupt,1.2875,0.7,0.8971,0.8442,0.123,0.1707,0.1284,0.1726,49,0,51,0.9833,0.83,1.0,0.0,0.8421,0.7558,0.2544,0.2725,0.2609,0.2749,52,1,47,0.9902,0.73,1.0,0.0,0.9,0.8354,0.1228,0.1803,0.1329,0.1814,50,0,50,0.9786,0.82,1.0,0.0,0.875,0.8008,0.1712,0.2315,0.1799,0.2361,52,5,43,0.9861,0.75,1.0,0.0,0.8632,0.164,0.1619,0.9782,0.829,0.8335,0.2506,0.2452,0.9838,0.746,0.8602,0.1664,0.1635,0.9732,0.825,0.838,0.2003,0.1936,0.9794,0.785,1.3962,0.7011,True,1.9147,0.3419,1.5402,0.2751
87,100,gradual+abrupt,1.2937,0.7,0.9064,0.9103,0.1183,0.12,0.1302,0.1208,45,0,55,0.974,0.88,1.0,0.0,0.8738,0.8207,0.2442,0.3068,0.2539,0.3196,49,4,47,0.9822,0.68,1.0,0.0,0.9112,0.8763,0.1198,0.1424,0.1193,0.1492,43,0,57,0.9708,0.86,1.0,0.0,0.8923,0.8758,0.1717,0.1983,0.1836,0.2182,48,9,43,0.9727,0.76,1.0,0.0,0.8648,0.1615,0.1593,0.9771,0.833,0.8386,0.2581,0.2526,0.9841,0.739,0.8563,0.1682,0.1658,0.9722,0.826,0.8359,0.2144,0.2055,0.9785,0.769,0.8794,0.4411,True,2.0029,0.357,1.6037,0.2858
88,100,gradual+abrupt,1.3,0.7,0.971,0.951,0.0659,0.0961,0.0615,0.0963,44,0,56,0.9616,0.87,1.0,0.0,0.8939,0.7772,0.1899,0.295,0.1911,0.2942,48,1,51,0.9894,0.7,1.0,0.0,0.9435,0.8994,0.0721,0.1168,0.08,0.0914,42,0,58,0.9614,0.87,1.0,0.0,0.9447,0.8962,0.0978,0.1287,0.1082,0.1282,46,8,46,0.9782,0.85,1.0,0.0,0.8715,0.1614,0.16,0.9746,0.831,0.8248,0.2747,0.2693,0.9853,0.722,0.8532,0.1684,0.1692,0.9699,0.823,0.8346,0.2188,0.2108,0.9776,0.762,1.1932,0.5992,True,2.0919,0.3745,1.6672,0.2989
89,100,gradual+abrupt,1.3062,0.7,0.9138,0.9048,0.1152,0.134,0.1197,0.1246,37,0,63,0.9746,0.85,1.0,0.0,0.9067,0.8552,0.1976,0.2348,0.2107,0.232,36,6,58,0.9655,0.74,1.0,0.0,0.9036,0.8317,0.1202,0.1959,0.1208,0.1757,37,0,63,0.9657,0.79,1.0,0.0,0.9031,0.8579,0.157,0.1976,0.1709,0.2155,39,9,52,0.9755,0.76,1.0,0.0,0.8778,0.1583,0.1584,0.9735,0.833,0.8203,0.2828,0.2776,0.9838,0.712,0.8456,0.1716,0.1761,0.9691,0.819,0.8304,0.2316,0.2216,0.977,0.748,1.2131,0.6095,True,2.1792,0.3932,1.7283,0.3129
90,100,gradual+abrupt,1.3125,0.7,0.8797,0.8574,0.1549,0.167,0.1533,0.1509,49,0,51,0.9709,0.82,1.0,0.0,0.833,0.7989,0.3131,0.3122,0.3249,0.3162,56,2,42,0.9859,0.68,1.0,0.0,0.8723,0.858,0.1574,0.1727,0.1476,0.1543,53,0,47,0.9743,0.82,1.0,0.0,0.8514,0.8359,0.201,0.1888,0.2059,0.1809,52,7,41,0.9809,0.8,1.0,0.0,0.879,0.1499,0.1512,0.9729,0.84,0.8119,0.2892,0.2835,0.9841,0.705,0.8582,0.1608,0.1663,0.9695,0.829,0.8388,0.2217,0.2126,0.9768,0.757,1.7621,0.8847,True,2.2594,0.4125,1.7816,0.3273
91,100,gradual+abrupt,1.3188,0.7,0.852,0.8119,0.176,0.2139,0.19,0.2099,49,0,51,0.9699,0.76,1.0,0.0,0.9124,0.8272,0.2346,0.2717,0.2446,0.279,56,4,40,0.9735,0.72,1.0,0.0,0.8508,0.8328,0.1813,0.1974,0.1707,0.1886,52,0,48,0.9786,0.79,1.0,0.0,0.8299,0.8342,0.2074,0.2026,0.2064,0.2036,55,6,39,0.9836,0.78,1.0,0.0,0.8787,0.1534,0.1533,0.9725,0.836,0.82,0.2818,0.276,0.9826,0.712,0.8526,0.1667,0.1722,0.9703,0.822,0.8353,0.2225,0.214,0.9776,0.757,1.3575,0.6305,True,2.3416,0.4321,1.8363,0.342
92,100,gradual+abrupt,1.325,0.7,0.9153,0.8685,0.1761,0.2158,0.1745,0.2117,51,0,49,0.9717,0.76,1.0,0.0,0.9033,0.8632,0.1844,0.2333,0.1898,0.2407,54,1,45,0.9842,0.76,1.0,0.0,0.8411,0.7462,0.1879,0.2585,0.1764,0.2454,46,0,54,0.9732,0.73,1.0,0.0,0.8446,0.8326,0.2043,0.2092,0.2094,0.2163,49,10,41,0.9663,0.75,1.0,0.0,0.8779,0.1564,0.1569,0.9717,0.831,0.8161,0.2817,0.2759,0.982,0.713,0.844,0.1723,0.1774,0.9708,0.817,0.8375,0.218,0.2097,0.9762,0.76,1.0983,0.5457,True,2.4275,0.4526,1.894,0.3573
93,100,gradual+abrupt,1.3313,0.7,0.9499,0.8617,0.0978,0.176,0.0948,0.1795,48,0,52,0.9693,0.8,1.0,0.0,0.8994,0.8054,0.2409,0.2789,0.2514,0.2905,52,5,43,0.9768,0.7,1.0,0.0,0.9329,0.8516,0.095,0.1735,0.08,0.1636,40,0,60,0.9636,0.8,1.0,0.0,0.9058,0.8612,0.1341,0.185,0.1413,0.199,47,12,41,0.9648,0.78,1.0,0.0,0.879,0.1557,0.1565,0.9709,0.83,0.816,0.2805,0.2746,0.9815,0.714,0.8464,0.1687,0.1755,0.9701,0.816,0.8414,0.2116,0.2029,0.9756,0.767,1.222,0.6128,True,2.5129,0.4739,1.9506,0.3732
94,100,gradual+abrupt,1.3375,0.7,0.9243,0.9266,0.0884,0.0981,0.0889,0.1026,33,0,67,0.9762,0.9,1.0,0.0,0.9411,0.9126,0.1984,0.2326,0.2126,0.2473,45,6,49,0.975,0.74,1.0,0.0,0.9437,0.9051,0.0846,0.1078,0.075,0.1254,37,1,62,0.9768,0.89,1.0,0.0,0.9151,0.878,0.1166,0.168,0.1191,0.1803,41,5,54,0.9824,0.81,1.0,0.0,0.8891,0.148,0.1489,0.9724,0.837,0.8276,0.2731,0.2667,0.9806,0.72,0.8529,0.1634,0.168,0.9712,0.824,0.8509,0.2023,0.1937,0.9766,0.777,1.5663,0.7865,True,2.5908,0.4936,1.9991,0.3875
95,100,gradual+abrupt,1.3438,0.7,0.9473,0.9349,0.0692,0.1137,0.0717,0.1168,39,0,61,0.9823,0.88,1.0,0.0,0.8725,0.833,0.2485,0.2372,0.2564,0.2431,40,2,58,0.9883,0.76,1.0,0.0,0.964,0.9204,0.0605,0.105,0.0502,0.0968,38,1,61,0.9768,0.88,1.0,0.0,0.9442,0.9519,0.0838,0.0766,0.0868,0.0791,40,4,56,0.9891,0.91,1.0,0.0,0.8871,0.1486,0.1505,0.9734,0.835,0.8249,0.2738,0.2675,0.9811,0.721,0.8557,0.1572,0.165,0.972,0.825,0.8624,0.1857,0.1786,0.978,0.795,1.8026,0.9047,True,2.6702,0.5124,2.0486,0.4006
96,100,gradual+abrupt,1.35,0.7,0.9705,0.8927,0.0585,0.13,0.0581,0.1403,33,0,67,0.9528,0.86,1.0,0.0,0.9196,0.7936,0.1869,0.2644,0.1949,0.2735,41,2,57,0.9865,0.73,1.0,0.0,0.9622,0.8624,0.0579,0.1174,0.05,0.1079,31,0,69,0.9721,0.88,1.0,0.0,0.9196,0.8308,0.1365,0.1931,0.1473,0.2055,37,9,54,0.9755,0.77,1.0,0.0,0.892,0.1453,0.1465,0.9703,0.838,0.8287,0.2736,0.2667,0.9807,0.721,0.8584,0.1498,0.1587,0.9713,0.831,0.8654,0.1827,0.1748,0.9769,0.797,1.6247,0.8148,True,2.7457,0.5343,2.0936,0.4167
97,100,gradual+abrupt,1.3562,0.7,0.931,0.8976,0.0983,0.1262,0.0936,0.1281,41,0,59,0.9741,0.86,1.0,0.0,0.8596,0.7956,0.2222,0.2629,0.2283,0.2759,46,2,52,0.9794,0.72,1.0,0.0,0.9492,0.9288,0.0935,0.1,0.0932,0.0956,41,0,59,0.973,0.88,1.0,0.0,0.9164,0.8819,0.1034,0.1407,0.1009,0.1373,40,12,48,0.9673,0.83,1.0,0.0,0.8907,0.1461,0.1471,0.9703,0.836,0.8262,0.2692,0.2623,0.9804,0.725,0.8636,0.1445,0.1545,0.9716,0.833,0.8661,0.1746,0.169,0.9764,0.804,1.6032,0.7547,True,2.8217,0.5561,2.1387,0.4326
98,100,gradual+abrupt,1.3625,0.7,0.9607,0.9335,0.0585,0.1123,0.0575,0.1208,38,0,62,0.977,0.89,1.0,0.0,0.8562,0.8186,0.2471,0.2506,0.2606,0.256,37,1,62,0.9833,0.74,1.0,0.0,0.9588,0.8962,0.0606,0.1263,0.0711,0.1129,38,0,62,0.9571,0.87,1.0,0.0,0.9331,0.7915,0.1295,0.2403,0.1427,0.2606,39,10,51,0.9706,0.71,1.0,0.0,0.889,0.1485,0.1487,0.9719,0.838,0.8303,0.2654,0.2579,0.9798,0.729,0.8633,0.1466,0.1554,0.9711,0.833,0.8556,0.1878,0.1802,0.9756,0.79,1.8991,0.9539,True,2.8994,0.5764,2.1849,0.4467
99,100,gradual+abrupt,1.3687,0.7,0.9486,0.8703,0.0781,0.1443,0.0634,0.129,31,0,69,0.9628,0.84,1.0,0.0,0.8905,0.8563,0.2237,0.2526,0.2302,0.2602,46,2,52,0.9828,0.74,1.0,0.0,0.951,0.9138,0.078,0.1269,0.0675,0.1179,36,0,64,0.9679,0.85,1.0,0.0,0.9521,0.898,0.0894,0.1253,0.102,0.1307,41,4,55,0.983,0.87,1.0,0.0,0.8855,0.149,0.1497,0.9707,0.837,0.8304,0.2682,0.2596,0.9816,0.729,0.8715,0.1408,0.1486,0.9713,0.839,0.8596,0.1793,0.173,0.9764,0.801,2.1072,1.0575,True,2.978,0.5979,2.2315,0.4618
100,100,gradual+abrupt,1.375,0.7,0.946,0.9245,0.0713,0.1084,0.0722,0.1019,47,0,53,0.9722,0.89,1.0,0.0,0.8381,0.845,0.2583,0.2552,0.2659,0.2656,50,3,47,0.9758,0.73,1.0,0.0,0.9338,0.8632,0.0724,0.1451,0.0818,0.1329,47,0,53,0.9829,0.85,1.0,0.0,0.9338,0.8506,0.0975,0.1732,0.1096,0.1782,46,8,46,0.9782,0.8,1.0,0.0,0.8922,0.1441,0.1439,0.9708,0.844,0.835,0.2632,0.2539,0.9806,0.734,0.872,0.1387,0.1458,0.9722,0.842,0.8611,0.1791,0.1714,0.9761,0.801,1.9965,1.0017,True,3.0509,0.6192,2.272,0.4768
101,100,gradual+abrupt,1.3813,0.7,0.9522,0.8695,0.071,0.1221,0.0686,0.1189,36,0,64,0.9824,0.88,1.0,0.0,0.8405,0.7886,0.2474,0.315,0.2539,0.3249,40,3,57,0.9836,0.67,1.0,0.0,0.9534,0.878,0.0685,0.1494,0.0629,0.1493,38,0,62,0.9893,0.84,1.0,0.0,0.9485,0.8849,0.0919,0.1309,0.0996,0.1364,38,2,60,0.9927,0.86,1.0,0.0,0.898,0.135,0.1347,0.9721,0.856,0.8312,0.2678,0.2583,0.9816,0.729,0.8766,0.1348,0.141,0.9733,0.847,0.8661,0.1723,0.1642,0.977,0.809,1.8231,0.9148,True,3.1145,0.6393,2.3028,0.4902
102,100,gradual+abrupt,1.3875,0.7,0.9569,0.9112,0.0579,0.1109,0.0498,0.1146,36,0,64,0.9846,0.89,1.0,0.0,0.88,0.8246,0.2008,0.2129,0.2142,0.2228,41,1,58,0.9841,0.79,1.0,0.0,0.9505,0.8615,0.0605,0.1504,0.0589,0.145,37,0,63,0.985,0.84,1.0,0.0,0.916,0.8242,0.1106,0.1879,0.1145,0.1909,37,7,56,0.9809,0.79,1.0,0.0,0.9022,0.1252,0.1242,0.9734,0.869,0.8273,0.266,0.2562,0.9816,0.732,0.8881,0.1247,0.1302,0.9744,0.858,0.8653,0.1698,0.1621,0.9784,0.813,1.4329,0.7229,True,3.1677,0.6581,2.323,0.5023
103,100,gradual+abrupt,1.3938,0.7,0.9745,0.9452,0.0524,0.1016,0.0562,0.1082,40,0,60,0.9763,0.88,1.0,0.0,0.8646,0.8065,0.2296,0.2417,0.2336,0.2462,38,6,56,0.9706,0.74,1.0,0.0,0.9682,0.9064,0.0574,0.1113,0.0486,0.1007,40,0,60,0.9807,0.88,1.0,0.0,0.9758,0.92,0.0564,0.1054,0.0664,0.1018,40,8,52,0.9746,0.88,1.0,0.0,0.9106,0.1181,0.1168,0.9741,0.877,0.8274,0.2616,0.2525,0.9809,0.736,0.8936,0.1184,0.124,0.9762,0.866,0.8712,0.1601,0.1541,0.9794,0.823,1.7924,0.8994,True,3.2134,0.6762,2.3356,0.5135
104,100,gradual+abrupt,1.4,0.7,0.9539,0.9041,0.0773,0.1204,0.066,0.114,36,0,64,0.9711,0.87,1.0,0.0,0.8295,0.7915,0.259,0.2867,0.2644,0.2995,39,4,57,0.9765,0.7,1.0,0.0,0.955,0.9344,0.0724,0.0797,0.0631,0.0786,35,0,65,0.9614,0.92,1.0,0.0,0.9493,0.9154,0.1009,0.119,0.1103,0.1297,35,9,56,0.9703,0.85,1.0,0.0,0.9083,0.1193,0.119,0.9736,0.874,0.8153,0.2668,0.2579,0.9811,0.732,0.8965,0.1138,0.1212,0.9746,0.869,0.8749,0.155,0.1492,0.9782,0.827,1.2839,0.6454,True,3.2614,0.6947,2.3502,0.5251
105,100,gradual+abrupt,1.4062,0.7,0.947,0.8377,0.078,0.1762,0.0834,0.1829,34,0,66,0.9686,0.8,1.0,0.0,0.8611,0.753,0.258,0.2857,0.2654,0.3001,38,6,56,0.97,0.7,1.0,0.0,0.9499,0.8865,0.0771,0.1473,0.066,0.1357,37,0,63,0.9657,0.83,1.0,0.0,0.9186,0.9002,0.1272,0.1234,0.1336,0.1209,39,7,54,0.9809,0.86,1.0,0.0,0.8986,0.1259,0.1252,0.9722,0.866,0.8073,0.2725,0.2628,0.9793,0.726,0.8931,0.1176,0.1254,0.9735,0.864,0.8698,0.1592,0.1539,0.9774,0.822,1.877,0.9418,True,3.3156,0.7147,2.3707,0.538
106,100,gradual+abrupt,1.4125,0.7,0.9332,0.8663,0.0914,0.129,0.0784,0.1309,40,0,60,0.9698,0.86,1.0,0.0,0.882,0.7995,0.2104,0.2694,0.2176,0.2789,47,2,51,0.9784,0.71,1.0,0.0,0.938,0.9114,0.0843,0.1059,0.0695,0.0857,44,0,56,0.9657,0.88,1.0,0.0,0.9094,0.874,0.1099,0.1399,0.1162,0.1384,43,9,48,0.9726,0.84,1.0,0.0,0.896,0.1249,0.1251,0.9739,0.866,0.8079,0.273,0.2633,0.9784,0.724,0.898,0.1154,0.1242,0.9729,0.864,0.8741,0.1525,0.1486,0.9771,0.829,1.7885,0.8975,True,3.3696,0.733,2.391,0.5491
107,100,gradual+abrupt,1.4187,0.7,0.9565,0.9336,0.0606,0.0791,0.0537,0.0757,35,0,65,0.9736,0.92,1.0,0.0,0.7956,0.7771,0.3055,0.2852,0.3251,0.2993,38,4,58,0.9728,0.71,1.0,0.0,0.9664,0.9018,0.0546,0.1211,0.0354,0.0914,38,0,62,0.9614,0.87,1.0,0.0,0.9226,0.7916,0.1185,0.2374,0.1232,0.2362,47,5,48,0.9862,0.75,1.0,0.0,0.8996,0.1197,0.1204,0.9738,0.872,0.8061,0.2754,0.2655,0.9778,0.723,0.8953,0.115,0.1263,0.9717,0.863,0.865,0.1624,0.1583,0.979,0.821,1.7154,0.861,True,3.419,0.7513,2.4064,0.5601
108,100,gradual+abrupt,1.425,0.7,0.988,0.9095,0.0287,0.1031,0.0286,0.0886,35,0,65,0.9671,0.89,1.0,0.0,0.8213,0.7602,0.2498,0.2852,0.2513,0.2922,37,4,59,0.9692,0.7,1.0,0.0,0.992,0.9501,0.0288,0.0643,0.0121,0.0426,32,1,67,0.9674,0.93,1.0,0.0,0.9911,0.9757,0.0418,0.0532,0.0504,0.0612,36,5,59,0.9815,0.93,1.0,0.0,0.8972,0.1165,0.1195,0.9728,0.872,0.8002,0.279,0.269,0.9764,0.719,0.9007,0.108,0.1201,0.9727,0.869,0.8835,0.1424,0.1396,0.9801,0.843,2.7433,1.3764,True,3.4674,0.7707,2.4207,0.5721
109,100,gradual+abrupt,1.4312,0.7,0.9505,0.9274,0.0774,0.0793,0.0672,0.0728,34,0,66,0.9718,0.92,1.0,0.0,0.7629,0.6569,0.3122,0.3458,0.3275,0.3576,31,3,66,0.9649,0.62,1.0,0.0,0.9398,0.9472,0.076,0.0665,0.0614,0.0536,35,0,65,0.9764,0.93,1.0,0.0,0.9354,0.9392,0.1046,0.0788,0.1169,0.0843,39,2,59,0.9918,0.91,1.0,0.0,0.9029,0.1108,0.113,0.9737,0.88,0.7803,0.2887,0.2783,0.9746,0.707,0.904,0.1016,0.1141,0.9736,0.877,0.8876,0.1378,0.1349,0.981,0.847,1.7588,0.9314,True,3.5094,0.7892,2.4283,0.583
110,100,gradual+abrupt,1.4375,0.7,0.9481,0.9032,0.0728,0.1226,0.079,0.1276,32,0,68,0.9693,0.87,1.0,0.0,0.842,0.7045,0.2406,0.3487,0.2457,0.357,38,1,61,0.9814,0.64,1.0,0.0,0.9374,0.8544,0.0693,0.1368,0.05,0.1187,28,0,72,0.9687,0.85,1.0,0.0,0.9507,0.8717,0.1012,0.1485,0.117,0.1555,32,9,59,0.9755,0.82,1.0,0.0,0.9008,0.1134,0.1144,0.9735,0.878,0.7662,0.2978,0.2876,0.9752,0.698,0.9032,0.1001,0.1133,0.9722,0.877,0.8897,0.1355,0.1324,0.9807,0.849,2.3587,1.1837,True,3.5527,0.8078,2.4373,0.5941
111,100,gradual+abrupt,1.4438,0.7,0.9534,0.8699,0.0625,0.1142,0.0632,0.1206,30,0,70,0.9793,0.89,1.0,0.0,0.8242,0.7637,0.2474,0.2738,0.2696,0.2985,36,6,58,0.9589,0.68,1.0,0.0,0.9576,0.936,0.0593,0.0827,0.04,0.0643,36,0,64,0.9743,0.91,1.0,0.0,0.9233,0.8549,0.0968,0.1679,0.0893,0.1709,39,7,54,0.9809,0.81,1.0,0.0,0.9008,0.1136,0.1136,0.9732,0.879,0.7638,0.2952,0.2835,0.9727,0.699,0.909,0.0916,0.1066,0.9707,0.884,0.8867,0.139,0.1361,0.9795,0.844,2.2914,1.1504,True,3.5953,0.8268,2.4454,0.6053
112,100,gradual+abrupt,1.45,0.7,0.9172,0.822,0.1059,0.1822,0.1143,0.1848,37,0,63,0.9636,0.82,1.0,0.0,0.7555,0.7186,0.3103,0.3161,0.3098,0.3271,35,12,53,0.9351,0.63,1.0,0.0,0.9299,0.8421,0.0978,0.1635,0.0671,0.1371,35,0,65,0.9571,0.82,1.0,0.0,0.8662,0.8426,0.1796,0.1906,0.1846,0.1945,39,13,48,0.9645,0.77,1.0,0.0,0.8919,0.1206,0.1208,0.971,0.872,0.7532,0.3056,0.2938,0.9678,0.683,0.907,0.0908,0.1079,0.9679,0.882,0.8885,0.1393,0.1364,0.9779,0.842,2.3065,1.1085,True,3.645,0.848,2.4605,0.6186
113,100,gradual+abrupt,1.4563,0.7,0.9287,0.8005,0.1105,0.1951,0.1035,0.1922,35,0,65,0.9822,0.79,1.0,0.0,0.823,0.7907,0.2425,0.2665,0.2536,0.2791,34,9,57,0.9421,0.68,1.0,0.0,0.9312,0.8587,0.1027,0.1631,0.0918,0.1557,33,0,67,0.9657,0.81,1.0,0.0,0.9397,0.8671,0.0821,0.1528,0.0791,0.1464,45,5,50,0.9864,0.84,1.0,0.0,0.8774,0.129,0.1301,0.9716,0.863,0.7516,0.3089,0.2963,0.9649,0.677,0.9023,0.0963,0.1131,0.9664,0.875,0.8832,0.1438,0.1411,0.9791,0.838,1.7675,0.8856,True,3.7041,0.8685,2.4846,0.6312
114,100,gradual+abrupt,1.4625,0.7,0.9305,0.7956,0.1024,0.2103,0.1037,0.205,31,0,69,0.9711,0.78,1.0,0.0,0.8145,0.7073,0.2678,0.3715,0.2813,0.3719,43,6,51,0.967,0.62,1.0,0.0,0.9312,0.8642,0.0945,0.1598,0.0821,0.1543,35,0,65,0.9743,0.82,1.0,0.0,0.9204,0.8851,0.1126,0.1516,0.1189,0.1518,44,6,50,0.9789,0.83,1.0,0.0,0.8666,0.1381,0.1391,0.9716,0.854,0.7432,0.3162,0.3048,0.964,0.669,0.8952,0.1039,0.1211,0.9677,0.865,0.8802,0.146,0.1444,0.9799,0.836,1.7037,0.8533,True,3.7721,0.8891,2.5174,0.6436
115,100,gradual+abrupt,1.4688,0.7,0.9683,0.9293,0.0865,0.1038,0.0818,0.1026,37,1,62,0.9613,0.89,1.0,0.0,0.8576,0.6997,0.2296,0.3456,0.2318,0.3487,40,2,58,0.9776,0.65,1.0,0.0,0.941,0.8776,0.0884,0.1284,0.0743,0.1232,39,0,61,0.9668,0.87,1.0,0.0,0.9375,0.9032,0.1024,0.1385,0.1126,0.1481,44,6,50,0.9792,0.84,1.0,0.0,0.8757,0.1301,0.1319,0.9709,0.863,0.7378,0.321,0.3108,0.9647,0.664,0.8944,0.1027,0.1192,0.9678,0.869,0.8805,0.1487,0.1459,0.9797,0.834,1.8651,0.9361,True,3.833,0.9104,2.5428,0.6567
116,100,gradual+abrupt,1.475,0.7,0.9525,0.9063,0.1138,0.1402,0.1192,0.1434,33,0,67,0.9793,0.84,1.0,0.0,0.8714,0.815,0.1782,0.2224,0.1826,0.2359,35,5,60,0.9679,0.75,1.0,0.0,0.9166,0.8613,0.1146,0.158,0.1186,0.1629,33,0,67,0.9829,0.82,1.0,0.0,0.9365,0.8888,0.0756,0.116,0.0751,0.1145,41,2,57,0.9945,0.88,1.0,0.0,0.8797,0.1313,0.133,0.9719,0.861,0.7394,0.3167,0.3061,0.9637,0.668,0.8893,0.1104,0.1244,0.9695,0.863,0.882,0.1463,0.1435,0.9819,0.838,2.3352,1.1717,True,3.8949,0.9306,2.569,0.6686
117,100,gradual+abrupt,1.4812,0.7,0.9646,0.8888,0.0588,0.1038,0.057,0.1047,24,0,76,0.9706,0.88,1.0,0.0,0.8042,0.716,0.2566,0.2844,0.2731,0.2987,29,5,66,0.962,0.69,1.0,0.0,0.9646,0.9444,0.0547,0.0787,0.0432,0.0593,26,0,74,0.9593,0.9,1.0,0.0,0.9366,0.8382,0.0893,0.1634,0.0927,0.165,30,9,61,0.975,0.81,1.0,0.0,0.8752,0.1342,0.1355,0.9716,0.857,0.7333,0.3167,0.306,0.9626,0.666,0.8936,0.1072,0.1202,0.9693,0.866,0.8866,0.1392,0.1361,0.9808,0.844,2.3243,1.1657,True,3.9594,0.9512,2.5975,0.6807
118,100,gradual+abrupt,1.4875,0.7,0.9461,0.8816,0.0784,0.1037,0.0761,0.0933,30,0,70,0.9733,0.88,1.0,0.0,0.8205,0.7772,0.2305,0.2407,0.2407,0.2541,30,2,68,0.9753,0.76,1.0,0.0,0.9219,0.8684,0.0884,0.1322,0.0743,0.1164,36,0,64,0.9764,0.86,1.0,0.0,0.9047,0.8773,0.1126,0.1287,0.1136,0.1337,34,7,59,0.9781,0.85,1.0,0.0,0.8725,0.1347,0.1355,0.9722,0.856,0.735,0.3129,0.3016,0.9632,0.672,0.8854,0.1146,0.127,0.9702,0.859,0.8768,0.1465,0.1437,0.9805,0.836,1.9405,0.9749,True,4.0238,0.9712,2.6256,0.6922
119,100,gradual+abrupt,1.4937,0.7,0.9651,0.8764,0.0598,0.1198,0.0599,0.1221,28,0,72,0.9794,0.88,1.0,0.0,0.8162,0.6503,0.2151,0.328,0.2275,0.325,31,7,62,0.9592,0.64,1.0,0.0,0.932,0.8991,0.0575,0.1031,0.0489,0.0821,31,0,69,0.9721,0.89,1.0,0.0,0.912,0.886,0.1206,0.1445,0.1288,0.1417,34,6,60,0.9817,0.84,1.0,0.0,0.8674,0.1396,0.1396,0.9729,0.852,0.7343,0.3096,0.2998,0.9626,0.674,0.8806,0.1174,0.1306,0.9698,0.855,0.8715,0.1522,0.1502,0.9795,0.829,2.3566,1.1794,True,4.0924,0.9905,2.6576,0.7028
